State,Email,Country,Address,Business Name,City,Website,Industry,Phone Number
GA,contact@espinoza-krueger.com,United States,522 curtis ridges apt. 941 south edwinview hi 91546,espinoza-krueger,Anneville,espinoza-krueger.com,Education,+12435838581
IL,contact@robertsbishopandmaxwell.com,United States,691 sanchez ways south benjaminfort ok 13798,roberts bishop and maxwell,Lake William,robertsbishopandmaxwell.com,Healthcare,+14181142711
CO,contact@williamsballardandmarquez.com,United States,8424 deborah center new mindytown mt 94004,williams ballard and marquez,West Kathrynborough,williamsballardandmarquez.com,Transportation,+12562290491
NM,contact@taylorandrewsandschwartz.com,United States,4103 romero isle lake alexander in 88862,taylor andrews and schwartz,Lake Crystal,taylorandrewsandschwartz.com,Finance,+16150080827
WA,contact@millsltd.com,United States,72783 taylor radial suite 867 east mariashire ga 78091,mills ltd,Donnashire,millsltd.com,Healthcare,+19063501424
NE,contact@flores-parker.com,United States,42478 schwartz knolls suite 057 burchchester ne 85231,flores-parker,Johnsonport,flores-parker.com,Real Estate,+19937449498
OH,contact@perezwattsandhunter.com,United States,83768 harvey crossroad apt. 060 west eric ca 19604,perez watts and hunter,East Laurashire,perezwattsandhunter.com,Construction,+11456216905
NE,contact@jonesandsons.com,United States,802 natasha manor suite 561 west susanview ny 04984,jones and sons,East Patriciaburgh,jonesandsons.com,Education,+14119705085
OR,contact@roberts-garza.com,United States,888 alexis streets suite 244 gilbertburgh wi 88124,roberts-garza,Jenningsstad,roberts-garza.com,Legal,+14819508547
DC,contact@fowlerkhanandramirez.com,United States,3709 john walks east heatherfurt wy 14054,fowler khan and ramirez,Rodriguezbury,fowlerkhanandramirez.com,Hospitality,+17863258491
NM,contact@mcfarlandgroup.com,United States,191 bryant street apt. 038 rodriguezfurt ut 88196,mcfarland group,Port Cameron,mcfarlandgroup.com,Finance,+15195312215
IA,contact@everettinc.com,United States,72629 bailey greens jenniferchester ks 71202,everett inc,West Matthew,everettinc.com,Construction,+11305117669
NE,contact@johnsonplc.com,United States,76970 perkins glen suite 234 port meredithbury ny 89485,johnson plc,Seanville,johnsonplc.com,Legal,+17965267916
WY,contact@leblancfergusonandward.com,United States,64111 brown forest suite 587 south larry ms 20903,leblanc ferguson and ward,Glennstad,leblancfergusonandward.com,Manufacturing,+12384485397
LA,contact@greene-hamilton.com,United States,10422 meghan way suite 632 east stacey il 36708,greene-hamilton,Karaview,greene-hamilton.com,Technology,+12748398817
MA,contact@copeland-whitehead.com,United States,87285 taylor lock suite 680 brownfurt nh 19064,copeland-whitehead,Anitatown,copeland-whitehead.com,Technology,+12252010081
OR,contact@wilson-nelson.com,United States,48907 philip streets north johnbury sc 78435,wilson-nelson,Carlsonburgh,wilson-nelson.com,Transportation,+17363853792
TX,contact@barrera-ferrell.com,United States,034 natalie via coreystad ks 86338,barrera-ferrell,New Brendabury,barrera-ferrell.com,Legal,+14967089649
OH,contact@kirbyllc.com,United States,66266 abbott light apt. 344 port david ne 39662,kirby llc,Edwinchester,kirbyllc.com,Marketing,+17373590251
NE,contact@davis-christian.com,United States,946 moss path apt. 133 cainmouth ri 09529,davis-christian,Lyonsfurt,davis-christian.com,Technology,+15749999434
AL,contact@rileybrownandclark.com,United States,3555 fischer mill apt. 879 new calvin ne 23612,riley brown and clark,New Christyside,rileybrownandclark.com,Hospitality,+16876974459
MD,contact@thompsonltd.com,United States,9934 peter motorway suite 691 mcmillanberg mt 62431,thompson ltd,West Lisashire,thompsonltd.com,Healthcare,+16443910988
CO,contact@jones-thomas.com,United States,2553 cain flat suite 113 new robertport oh 12204,jones-thomas,Matthewstad,jones-thomas.com,Agriculture,+19285610334
CT,contact@kimmooreandirwin.com,United States,244 sydney inlet lake lisa or 01495,kim moore and irwin,Lisaberg,kimmooreandirwin.com,Construction,+19970219013
CT,contact@freemanplc.com,United States,psc 0014 box 0959 apo ap 89265,freeman plc,Perryberg,freemanplc.com,Healthcare,+11619944218
WY,contact@bailey-wagner.com,United States,9860 griffin rapid suite 012 jonmouth ma 23551,bailey-wagner,Lake Mary,bailey-wagner.com,Healthcare,+10867476849
VA,contact@powers-ewing.com,United States,4935 bird skyway suite 908 south tyler nm 34053,powers-ewing,North Margaret,powers-ewing.com,Healthcare,+14651985021
CA,contact@clark-howard.com,United States,412 howard port josephberg md 51390,clark-howard,New Christopher,clark-howard.com,Construction,+12947871343
UT,contact@sawyergroup.com,United States,31551 nicole isle suite 799 east matthewfort hi 96996,sawyer group,New Matthew,sawyergroup.com,Finance,+16949297725
UT,contact@bolton-sandoval.com,United States,8593 sutton run east elizabethchester oh 32866,bolton-sandoval,Johnstonbury,bolton-sandoval.com,Agriculture,+17939958483
MA,contact@coxllc.com,United States,5484 sanchez inlet apt. 204 whiteburgh nd 69824,cox llc,Williamsfurt,coxllc.com,Manufacturing,+13322936018
MO,contact@gutierrezbartonandbooker.com,United States,usnv simon fpo ae 61253,gutierrez barton and booker,Coreyport,gutierrezbartonandbooker.com,Transportation,+15354818741
AR,contact@kelleyfernandezandallen.com,United States,163 ashley lake suite 819 claytonmouth wv 83066,kelley fernandez and allen,Johnsonbury,kelleyfernandezandallen.com,Education,+12611123773
SD,contact@fisher-barnes.com,United States,032 sarah terrace apt. 773 matthewsbury ks 47655,fisher-barnes,Port Sethmouth,fisher-barnes.com,Construction,+13716012237
AR,contact@jonesdelacruzandchandler.com,United States,3682 susan mountain south megan sc 31799,jones delacruz and chandler,Williamschester,jonesdelacruzandchandler.com,Consulting,+19308401888
NH,contact@wright-roberts.com,United States,0356 king knolls wandaborough il 30807,wright-roberts,East Marisachester,wright-roberts.com,Finance,+16551778988
CT,contact@barnesltd.com,United States,80447 munoz stream lake mariehaven vt 79353,barnes ltd,Lake Jerryfurt,barnesltd.com,Hospitality,+10764810179
ME,contact@englishwrightandgutierrez.com,United States,7610 justin flat apt. 969 south dianebury ga 62220,english wright and gutierrez,Reginaton,englishwrightandgutierrez.com,Retail,+13747239250
WY,contact@ballardandsons.com,United States,20220 ballard corner gabriellahaven sd 30544,ballard and sons,South Valerie,ballardandsons.com,Education,+12882101503
WV,contact@russell-baker.com,United States,73620 vanessa ramp barryville sc 11939,russell-baker,South Sue,russell-baker.com,Energy,+13923575013
MI,contact@brownllc.com,United States,598 luna motorway mccarthyfort az 06158,brown llc,Leebury,brownllc.com,Education,+14163716104
PA,contact@smith-martinez.com,United States,unit 0819 box 6523 dpo aa 36295,smith-martinez,Caseview,smith-martinez.com,Marketing,+19596806033
CO,contact@johnson-savage.com,United States,15525 stacey throughway woodsfurt ny 15745,johnson-savage,Gracebury,johnson-savage.com,Transportation,+17082756830
RI,contact@smith-wilson.com,United States,psc 0464 box 9322 apo ae 64498,smith-wilson,Bauerville,smith-wilson.com,Construction,+11602318768
LA,contact@madden-burnett.com,United States,psc 1464 box 5344 apo ae 67857,madden-burnett,Port Emilyshire,madden-burnett.com,Agriculture,+10619387545
MO,contact@avilagroup.com,United States,4342 vanessa club suite 124 port derekburgh al 91249,avila group,West Derekburgh,avilagroup.com,Construction,+19387282796
FL,contact@nelson-warren.com,United States,psc 4351 box 5552 apo ap 44421,nelson-warren,New Michael,nelson-warren.com,Transportation,+15006608273
NC,contact@riveragroup.com,United States,8473 diaz square suite 551 port joseport nd 21650,rivera group,Lake Victorburgh,riveragroup.com,Energy,+15533135232
UT,contact@gibson-pollard.com,United States,425 jennifer station josephshire mn 62579,gibson-pollard,West Elizabeth,gibson-pollard.com,Transportation,+16894266476
WY,contact@hillplc.com,United States,5887 kenneth springs apt. 722 roachmouth de 40027,hill plc,Tylerborough,hillplc.com,Education,+12351399864
CT,contact@riley-howard.com,United States,9406 james creek apt. 591 floresshire ct 99596,riley-howard,Mcclurebury,riley-howard.com,Marketing,+13935617605
VA,contact@jimenez-miles.com,United States,89053 macdonald trafficway holmesside ct 05620,jimenez-miles,Ralphland,jimenez-miles.com,Retail,+15620072896
TN,contact@hernandez-brock.com,United States,529 mcdaniel motorway apt. 816 walterhaven oh 37937,hernandez-brock,East Sandramouth,hernandez-brock.com,Healthcare,+11979407097
MS,contact@langjordanandbowers.com,United States,519 jake falls johnsonside ri 76857,lang jordan and bowers,Lake Christianview,langjordanandbowers.com,Marketing,+18095509267
CT,contact@williamsdavisandharris.com,United States,66477 angela creek apt. 810 port janiceton nj 38369,williams davis and harris,North Allisonberg,williamsdavisandharris.com,Healthcare,+19588753089
OR,contact@ellisloveandgonzalez.com,United States,3034 lane forges suite 245 jasonville vt 36216,ellis love and gonzalez,West Stephanie,ellisloveandgonzalez.com,Agriculture,+17149519383
LA,contact@rodriguez-griffith.com,United States,unit 5144 box 6359 dpo ae 28337,rodriguez-griffith,Smithland,rodriguez-griffith.com,Real Estate,+17914043609
IN,contact@hudsonplc.com,United States,74796 jennifer tunnel apt. 283 south ralph ca 42768,hudson plc,Jessicaborough,hudsonplc.com,Legal,+15686102969
DE,contact@michaelplc.com,United States,955 autumn skyway suite 987 north michaelbury al 27463,michael plc,South Ashleymouth,michaelplc.com,Finance,+11182428965
TX,contact@kruegerllc.com,United States,170 bass orchard north andrew sc 81728,krueger llc,North Natalieton,kruegerllc.com,Manufacturing,+17206616568
MI,contact@blake-fisher.com,United States,409 felicia field lake michael mn 99606,blake-fisher,Lake Derrickchester,blake-fisher.com,Marketing,+12803291209
WI,contact@silva-wagner.com,United States,52430 sharon turnpike west theodore ks 31292,silva-wagner,Pughhaven,silva-wagner.com,Finance,+17315375712
TX,contact@campbellgroup.com,United States,27049 rodney track apt. 100 jamesstad nc 72428,campbell group,South Megan,campbellgroup.com,Energy,+12499145781
CO,contact@lawson-welch.com,United States,6857 rebecca radial west christinashire ca 13418,lawson-welch,Port Jamesland,lawson-welch.com,Marketing,+19132723183
TN,contact@adamsmcmillanandcabrera.com,United States,7480 knox streets apt. 757 ortegaville mn 71878,adams mcmillan and cabrera,Lunamouth,adamsmcmillanandcabrera.com,Consulting,+15090314835
NC,contact@collins-marshall.com,United States,94620 smith ports jenkinsbury ga 58056,collins-marshall,Johnfurt,collins-marshall.com,Marketing,+14794559958
MN,contact@bradley-brooks.com,United States,84861 stewart drives marquezmouth ms 97466,bradley-brooks,Kirbyborough,bradley-brooks.com,Transportation,+12078231739
OR,contact@housebrownandshaw.com,United States,unit 7939 box 7240 dpo aa 88087,house brown and shaw,Ruthtown,housebrownandshaw.com,Agriculture,+10121446028
VA,contact@fowler-webb.com,United States,8454 thomas trafficway apt. 916 new anthony pa 10924,fowler-webb,Marissachester,fowler-webb.com,Transportation,+16420664039
UT,contact@leeplc.com,United States,15736 henderson lights suite 183 paulberg co 17994,lee plc,South Ashleymouth,leeplc.com,Construction,+18731546909
MI,contact@parker-henderson.com,United States,619 connie orchard lake joshuabury ma 18045,parker-henderson,Port Jacob,parker-henderson.com,Marketing,+19411093423
HI,contact@garcia-cooper.com,United States,11407 garcia place port deborah wv 07358,garcia-cooper,Lake Roberthaven,garcia-cooper.com,Construction,+16454594361
IA,contact@higgins-joyce.com,United States,61155 johnson groves apt. 161 wendytown ut 70721,higgins-joyce,New Tyler,higgins-joyce.com,Manufacturing,+16634391468
MI,contact@ayalaestradaandfisher.com,United States,8394 calderon spring angelicaland me 75850,ayala estrada and fisher,New Jerryton,ayalaestradaandfisher.com,Retail,+13450246127
FL,contact@schmidtinc.com,United States,614 herring common apt. 554 shepardville ca 32959,schmidt inc,Ronaldton,schmidtinc.com,Retail,+17241673073
RI,contact@murphy-pineda.com,United States,usnv anderson fpo ae 11472,murphy-pineda,East Beth,murphy-pineda.com,Consulting,+17897565742
WV,contact@mcguire-burke.com,United States,452 jonathan pike apt. 831 tiffanyfort ia 66363,mcguire-burke,Port Jennifer,mcguire-burke.com,Marketing,+19726490687
MS,contact@kellybowmanandrodriguez.com,United States,54637 richard springs suite 797 barryborough wa 18896,kelly bowman and rodriguez,Millerborough,kellybowmanandrodriguez.com,Consulting,+19305288784
CT,contact@woodsinc.com,United States,psc 4791 box 1495 apo aa 31044,woods inc,Robertsfort,woodsinc.com,Education,+19201618699
IL,contact@marshallgroup.com,United States,psc 2926 box 7563 apo ae 51740,marshall group,New Mariamouth,marshallgroup.com,Transportation,+10007050975
WY,contact@hawkins-benjamin.com,United States,29181 reed bypass apt. 215 new kyle nm 96989,hawkins-benjamin,Kevinville,hawkins-benjamin.com,Finance,+13509131428
NJ,contact@ortizcameronandreynolds.com,United States,83324 bernard walks suite 299 new cheyenne ga 46924,ortiz cameron and reynolds,Carrburgh,ortizcameronandreynolds.com,Retail,+12456463427
NJ,contact@palmer-black.com,United States,072 petersen ville walkerbury al 85722,palmer-black,Jordanbury,palmer-black.com,Transportation,+19033352462
MT,contact@miller-hill.com,United States,7413 jose unions suite 348 donnastad wy 25544,miller-hill,Port Leahfort,miller-hill.com,Retail,+10278801208
VT,contact@zimmermanltd.com,United States,714 karina village east ellen sc 80680,zimmerman ltd,North Jessicaview,zimmermanltd.com,Consulting,+16549343194
CO,contact@cox-smith.com,United States,82166 wolf avenue apt. 299 mindyfort ne 47737,cox-smith,New Alyssa,cox-smith.com,Healthcare,+11109869778
WI,contact@johnstonhansenandmartinez.com,United States,psc 1038 box 4157 apo ap 36135,johnston hansen and martinez,West Donald,johnstonhansenandmartinez.com,Agriculture,+17736732635
NH,contact@millerandsons.com,United States,6598 christopher junctions north richardside me 03586,miller and sons,Port Karen,millerandsons.com,Healthcare,+14250354876
ID,contact@parkerplc.com,United States,1708 branch extension lake mary vt 78133,parker plc,East Kelly,parkerplc.com,Technology,+14227207673
MA,contact@morganltd.com,United States,6798 blackwell brook sarahberg ri 40974,morgan ltd,Harveystad,morganltd.com,Real Estate,+19433421170
NH,contact@hernandezinc.com,United States,60380 judy ranch apt. 759 janeborough oh 84826,hernandez inc,Port Rachelhaven,hernandezinc.com,Real Estate,+11984172045
RI,contact@jones-conrad.com,United States,2416 andrew harbor east eric il 35871,jones-conrad,Myersfurt,jones-conrad.com,Construction,+18041871581
ME,contact@smitharellanoandhuff.com,United States,uss deleon fpo aa 15095,smith arellano and huff,Fieldsshire,smitharellanoandhuff.com,Transportation,+15972991494
NC,contact@mcintyreltd.com,United States,4093 klein roads south robert la 48026,mcintyre ltd,Colemanton,mcintyreltd.com,Legal,+19958810680
VT,contact@woodward-anderson.com,United States,291 cheryl tunnel suite 797 murillochester vt 98277,woodward-anderson,South Darrenview,woodward-anderson.com,Healthcare,+12410903629
MO,contact@skinner-ward.com,United States,22846 nelson trace burchland ky 49565,skinner-ward,Port Linda,skinner-ward.com,Real Estate,+15244444068
MT,contact@alvaradocunninghamandhenderson.com,United States,660 shields flats west cynthia or 48570,alvarado cunningham and henderson,Marshview,alvaradocunninghamandhenderson.com,Energy,+10522577984
KS,contact@gray-davenport.com,United States,85960 brooks club apt. 805 south mariamouth sc 93052,gray-davenport,Port Hannahburgh,gray-davenport.com,Education,+15161491954
AZ,contact@avilallc.com,United States,00992 jeffrey drive north brittanyville ia 23120,avila llc,Leahfurt,avilallc.com,Hospitality,+13589479031
KS,contact@clark-manning.com,United States,49478 francisco centers lake jamieville ia 54440,clark-manning,Campbellview,clark-manning.com,Healthcare,+15618722569
NM,contact@roberson-gates.com,United States,51280 estes lights hollandland oh 49349,roberson-gates,East Robert,roberson-gates.com,Marketing,+13674629784
MO,contact@ray-roberts.com,United States,565 callahan brook apt. 731 cordovaburgh md 42950,ray-roberts,East Ashleyside,ray-roberts.com,Manufacturing,+14416091874
OR,contact@terrysmithandsimmons.com,United States,360 denise pass south amanda ma 05553,terry smith and simmons,New Deannafurt,terrysmithandsimmons.com,Legal,+11836763414
IL,contact@burton-ward.com,United States,226 jensen roads suite 686 lake kathryn me 75847,burton-ward,North Amandastad,burton-ward.com,Legal,+18463461423
AZ,contact@hicks-williams.com,United States,698 washington fields east mark ia 83284,hicks-williams,South Russell,hicks-williams.com,Consulting,+12654116559
OR,contact@baxteraguilarandjones.com,United States,6278 diane mission east larryfort wv 79811,baxter aguilar and jones,Patriciaville,baxteraguilarandjones.com,Agriculture,+19974514037
GA,contact@wrightandsons.com,United States,153 powell centers suite 229 hunterfurt ks 21931,wright and sons,North Jasonland,wrightandsons.com,Consulting,+18691478987
KY,contact@higginschristensenandwilliams.com,United States,2521 omar park apt. 436 griffithborough ca 12433,higgins christensen and williams,East Stephenton,higginschristensenandwilliams.com,Retail,+10761176112
IA,contact@simmonsgroup.com,United States,44546 moss turnpike port alexberg tx 54818,simmons group,West Kimberly,simmonsgroup.com,Technology,+12070436244
IL,contact@montoyawhiteandedwards.com,United States,psc 6247 box 6947 apo ap 90825,montoya white and edwards,Michaelchester,montoyawhiteandedwards.com,Consulting,+14963938843
VA,contact@simmonsinc.com,United States,3981 james harbor apt. 311 port christopherfort ks 40430,simmons inc,Griffinside,simmonsinc.com,Education,+18680073003
KS,contact@wong-jordan.com,United States,44005 emily springs richardview mt 34763,wong-jordan,Alexandermouth,wong-jordan.com,Education,+12603738837
MI,contact@websterllc.com,United States,012 molly trafficway suite 428 nathanchester ca 11718,webster llc,South Kellyside,websterllc.com,Technology,+15720469568
MD,contact@wong-taylor.com,United States,372 theresa mountains apt. 624 west zachary ks 76627,wong-taylor,New Kellyland,wong-taylor.com,Manufacturing,+15993320079
TN,contact@avilapatelandperez.com,United States,7005 derek summit suite 124 cardenasview vt 86155,avila patel and perez,Kimburgh,avilapatelandperez.com,Marketing,+12795761882
FL,contact@fields-jones.com,United States,709 lopez rapids suite 913 east rebekahberg mo 56131,fields-jones,Jamesshire,fields-jones.com,Manufacturing,+11795355497
AR,contact@cisneroshawkinsandmcclain.com,United States,460 veronica turnpike apt. 366 samanthaside in 15637,cisneros hawkins and mcclain,West Dominic,cisneroshawkinsandmcclain.com,Finance,+11708621032
OR,contact@kellergatesandbutler.com,United States,6190 gregory forges suite 584 marymouth tn 50590,keller gates and butler,North Johntown,kellergatesandbutler.com,Transportation,+17804579201
RI,contact@oneill-james.com,United States,17156 brooks lodge new daleview nv 44969,oneill-james,Scottville,oneill-james.com,Hospitality,+19080953130
NH,contact@baker-ferguson.com,United States,91288 george lane apt. 415 new russell in 44730,baker-ferguson,South Robertchester,baker-ferguson.com,Consulting,+13936994684
TX,contact@marquezgroup.com,United States,47115 tammie mount natashamouth de 30650,marquez group,Christianshire,marquezgroup.com,Real Estate,+10457358677
SC,contact@kempgallegosandmckee.com,United States,usnv ryan fpo aa 19168,kemp gallegos and mckee,Ramosberg,kempgallegosandmckee.com,Manufacturing,+17483346406
MI,contact@cowansuttonandmorris.com,United States,09899 shelton bypass new phillipport pa 31541,cowan sutton and morris,New Brenda,cowansuttonandmorris.com,Transportation,+16078590858
ND,contact@pooleltd.com,United States,9758 henderson trafficway suite 594 west brandonmouth nv 05086,poole ltd,Contrerasfort,pooleltd.com,Hospitality,+17541920837
UT,contact@hansonbakerandsmith.com,United States,188 nicole view jonesside tx 47155,hanson baker and smith,West Cindy,hansonbakerandsmith.com,Manufacturing,+18541859996
NJ,contact@riggsandsons.com,United States,65419 anna prairie suite 325 west michaelchester mn 30041,riggs and sons,South Tamara,riggsandsons.com,Healthcare,+18001443876
DE,contact@westbakeranddavis.com,United States,071 nielsen burgs lake william wa 69287,west baker and davis,Jeffreyville,westbakeranddavis.com,Construction,+13837235750
LA,contact@jamesinc.com,United States,9834 dillon highway south williamberg ak 18931,james inc,Port Williammouth,jamesinc.com,Manufacturing,+19618945425
SD,contact@salaspetersenandbenson.com,United States,33466 mandy bridge port andrewfort sd 61041,salas petersen and benson,Robbinston,salaspetersenandbenson.com,Technology,+14730478068
DE,contact@careywelchandsullivan.com,United States,8563 smith brooks suite 118 lake robertville ct 55363,carey welch and sullivan,Haasbury,careywelchandsullivan.com,Construction,+13728982092
NY,contact@greeneandsons.com,United States,5281 kelly run millerberg ca 28562,greene and sons,South David,greeneandsons.com,Hospitality,+12355011853
TX,contact@tran-burns.com,United States,33479 ramirez fields suite 631 north tiffany wv 06309,tran-burns,West Kelseyfort,tran-burns.com,Manufacturing,+18464435357
MA,contact@allenltd.com,United States,65732 tracy mews suite 160 burtonbury nm 98996,allen ltd,Lake Richard,allenltd.com,Real Estate,+15270227854
CA,contact@nelson-wright.com,United States,1257 bishop plains new teresa tx 74280,nelson-wright,Hendersonchester,nelson-wright.com,Legal,+13175953372
SD,contact@sanchez-bryant.com,United States,9199 katrina forges denniston il 36818,sanchez-bryant,New Kimberly,sanchez-bryant.com,Retail,+19939477269
GA,contact@bentongroup.com,United States,3105 kristine station suite 929 porterburgh ny 56993,benton group,New Graceport,bentongroup.com,Real Estate,+18822428907
NM,contact@middleton-davidson.com,United States,646 cox skyway lake jamesfurt me 17177,middleton-davidson,West Robertville,middleton-davidson.com,Retail,+17086349994
VA,contact@harrisnewmanandcochran.com,United States,069 williamson loaf south roger ca 17130,harris newman and cochran,Lake Pamela,harrisnewmanandcochran.com,Agriculture,+14363104546
AK,contact@rodriguezllc.com,United States,08658 morse run suite 987 west stevenside vt 84046,rodriguez llc,Sandrabury,rodriguezllc.com,Legal,+11597589949
WI,contact@riley-webster.com,United States,63056 smith loop currychester nc 72957,riley-webster,Carneyhaven,riley-webster.com,Hospitality,+18367854852
DE,contact@martin-martin.com,United States,66131 frye camp suite 652 evansland nv 93761,martin-martin,Sarahshire,martin-martin.com,Construction,+16537637194
MT,contact@mirandagroup.com,United States,7979 mark grove east tiffany ga 47699,miranda group,Samuelview,mirandagroup.com,Healthcare,+11470166798
MI,contact@millerinc.com,United States,71618 brenda station alexandriahaven nm 75847,miller inc,West Lauren,millerinc.com,Hospitality,+10509339682
ID,contact@silva-rogers.com,United States,3607 sarah street north tomport ny 34727,silva-rogers,South Amandaside,silva-rogers.com,Legal,+17731126159
VA,contact@parks-walker.com,United States,19897 lopez gateway apt. 545 south annastad nd 96314,parks-walker,North Brookeborough,parks-walker.com,Education,+19015538127
NM,contact@jamesllc.com,United States,929 michael islands kingstad vt 85976,james llc,South Ethan,jamesllc.com,Construction,+19702909759
NM,contact@fernandezllc.com,United States,026 rodriguez views suite 046 new jennifermouth mt 36106,fernandez llc,Mitchellland,fernandezllc.com,Real Estate,+10475647784
NC,contact@fosterltd.com,United States,320 mark oval staceyburgh nh 93314,foster ltd,North Luis,fosterltd.com,Finance,+19615663571
IN,contact@sharpalexanderandrobbins.com,United States,010 john roads apt. 440 devinburgh or 79656,sharp alexander and robbins,North Jack,sharpalexanderandrobbins.com,Education,+13991213373
GA,contact@tuckergroup.com,United States,823 hayes burg north derekfort md 53189,tucker group,North Nicholasmouth,tuckergroup.com,Consulting,+16194577867
WI,contact@chenllc.com,United States,36967 faulkner oval suite 180 amymouth al 34455,chen llc,Lake Debraton,chenllc.com,Education,+19832607063
VT,contact@pattersonphillipsandreyes.com,United States,8053 lee spurs apt. 200 new mark al 10460,patterson phillips and reyes,Port Stacyshire,pattersonphillipsandreyes.com,Real Estate,+18949237633
TN,contact@taylorfisherandfrench.com,United States,730 stephanie lodge fosterbury al 80095,taylor fisher and french,New Benjamin,taylorfisherandfrench.com,Manufacturing,+14083618853
SD,contact@rodriguez-lewis.com,United States,56271 donald islands suite 667 north wendy ar 42586,rodriguez-lewis,South Justinhaven,rodriguez-lewis.com,Education,+16353893499
CT,contact@nelsonmorrisandbishop.com,United States,954 thomas summit suite 056 port justin ne 57104,nelson morris and bishop,Nicolebury,nelsonmorrisandbishop.com,Retail,+17408256723
IN,contact@buchanandayandgonzalez.com,United States,usnv atkins fpo ae 44370,buchanan day and gonzalez,Port Gregory,buchanandayandgonzalez.com,Finance,+17123878294
ME,contact@miller-rogers.com,United States,40881 collins oval apt. 036 south tammy ak 06548,miller-rogers,Anthonyport,miller-rogers.com,Finance,+13302998383
CO,contact@johnsoncisnerosandmanning.com,United States,12719 oliver harbor hayesmouth ny 46150,johnson cisneros and manning,North Christine,johnsoncisnerosandmanning.com,Consulting,+16178647713
NE,contact@white-robbins.com,United States,36763 moore meadows grayview wa 59172,white-robbins,Port Christopherside,white-robbins.com,Manufacturing,+15089361427
IA,contact@jonesmillerandbrown.com,United States,0964 randolph land anthonyfurt wi 39647,jones miller and brown,Kaylafurt,jonesmillerandbrown.com,Real Estate,+15844298283
CA,contact@danielsgroup.com,United States,997 grant ways south joshuaberg mo 86174,daniels group,Jenniferport,danielsgroup.com,Construction,+14762377201
KY,contact@tylersmithandshort.com,United States,56273 elizabeth mountains sophiaville oh 82393,tyler smith and short,Teresachester,tylersmithandshort.com,Agriculture,+18460620439
IA,contact@hoffman-powell.com,United States,2863 alexandra skyway port danielborough ca 33175,hoffman-powell,Morrisview,hoffman-powell.com,Construction,+17848865284
WY,contact@young-smith.com,United States,985 williams tunnel suite 818 lake christopherhaven ar 40915,young-smith,East Kristenport,young-smith.com,Education,+10083874735
ID,contact@walls-johnson.com,United States,uscgc castro fpo aa 30242,walls-johnson,Perezton,walls-johnson.com,Technology,+16581718723
MT,contact@price-guerrero.com,United States,uss lloyd fpo ap 77230,price-guerrero,East Richard,price-guerrero.com,Education,+16102866193
PA,contact@hooperltd.com,United States,uss smith fpo ap 60422,hooper ltd,North Jimview,hooperltd.com,Consulting,+11980620320
IA,contact@graygroup.com,United States,871 gonzalez rapids apt. 453 port michaelhaven ak 37800,gray group,Lindseyfort,graygroup.com,Real Estate,+14359079539
HI,contact@taylor-rodgers.com,United States,usnv santiago fpo aa 44576,taylor-rodgers,Longtown,taylor-rodgers.com,Real Estate,+19533051498
UT,contact@shawcopelandandmullins.com,United States,53199 karen extensions apt. 896 north robertport in 92358,shaw copeland and mullins,North James,shawcopelandandmullins.com,Finance,+19974418048
KS,contact@calhoun-garner.com,United States,173 chapman junctions apt. 678 east georgefurt fl 02040,calhoun-garner,East Jamesland,calhoun-garner.com,Agriculture,+12385694238
MT,contact@vazquezandsons.com,United States,64694 jack meadow sullivanborough ri 50659,vazquez and sons,East Heatherton,vazquezandsons.com,Healthcare,+17957779942
UT,contact@osbornebrownanddavis.com,United States,653 dominguez via apt. 442 robertsonborough wa 32684,osborne brown and davis,West Tammy,osbornebrownanddavis.com,Retail,+10947195602
MA,contact@chaseltd.com,United States,351 chase flats apt. 087 port bryanton mo 27370,chase ltd,Port Antonio,chaseltd.com,Retail,+19705216064
SD,contact@joseph-davis.com,United States,4701 frances forges suite 026 smithton va 07256,joseph-davis,West Wendy,joseph-davis.com,Construction,+13905152829
MS,contact@hartgroup.com,United States,584 kennedy extension suite 829 lake mike mt 63172,hart group,Lake Travis,hartgroup.com,Real Estate,+19651895938
MS,contact@legroup.com,United States,133 carol passage south ryanside fl 24796,le group,East Allison,legroup.com,Finance,+16104159533
NJ,contact@huntersampsonandperez.com,United States,812 carmen throughway apt. 621 north roberthaven ne 14328,hunter sampson and perez,East Brandy,huntersampsonandperez.com,Consulting,+10583325423
SC,contact@howarddorseyandmayo.com,United States,usnv duran fpo ae 03282,howard dorsey and mayo,Nicholsonside,howarddorseyandmayo.com,Agriculture,+19786978725
WV,contact@reed-park.com,United States,psc 5909 box 5329 apo aa 89265,reed-park,Turnerbury,reed-park.com,Hospitality,+19814932252
CA,contact@jonesbryantandharding.com,United States,908 price greens apt. 526 east nicholas ms 16251,jones bryant and harding,New Hannahfurt,jonesbryantandharding.com,Technology,+18101227768
PA,contact@jonespotterandcoleman.com,United States,0077 case inlet south melissa ak 59339,jones potter and coleman,Michaelfurt,jonespotterandcoleman.com,Finance,+13860388870
OK,contact@wrightgroup.com,United States,24389 john locks south alexa ky 63880,wright group,Johnsonberg,wrightgroup.com,Legal,+13591125238
MA,contact@york-pitts.com,United States,48612 donna grove apt. 882 kennedyborough mn 49732,york-pitts,Charlesport,york-pitts.com,Legal,+13294186982
SD,contact@bennettgroup.com,United States,0302 alyssa villages apt. 971 west lee va 26901,bennett group,Lake Jenniferport,bennettgroup.com,Transportation,+16524199417
NV,contact@hubbardplc.com,United States,2719 martinez dam apt. 252 new carla va 84344,hubbard plc,New Calvinton,hubbardplc.com,Energy,+11020298190
DC,contact@changinc.com,United States,462 johnson route east ashley id 53661,chang inc,Anthonytown,changinc.com,Energy,+12105222647
OK,contact@bartlettplc.com,United States,48785 theodore orchard christopherbury ok 66058,bartlett plc,Nguyentown,bartlettplc.com,Finance,+17204867036
ME,contact@frye-smith.com,United States,17024 maldonado grove cowanville mn 95097,frye-smith,Richardhaven,frye-smith.com,Manufacturing,+12667284701
VT,contact@newman-logan.com,United States,3746 reyes stravenue suite 211 south timothytown il 45918,newman-logan,East Jessicaview,newman-logan.com,Energy,+10251716962
CO,contact@henrygroup.com,United States,652 oliver stravenue suite 475 east daniel fl 95874,henry group,Samanthaview,henrygroup.com,Education,+15115575290
MS,contact@wilsonplc.com,United States,6653 stacey trail apt. 308 taylorhaven ia 37362,wilson plc,Mooreport,wilsonplc.com,Education,+14694413808
NV,contact@chambersinc.com,United States,408 benjamin mountains suite 328 port kim ak 60990,chambers inc,West Anthonyport,chambersinc.com,Marketing,+15899017404
IN,contact@adamsperryandpace.com,United States,356 barry river suite 527 petersonstad ok 90180,adams perry and pace,Lake Melanieshire,adamsperryandpace.com,Hospitality,+19906936518
NE,contact@thomasgroup.com,United States,63673 arthur village port jeromestad mo 58394,thomas group,Garciahaven,thomasgroup.com,Marketing,+18743051355
AL,contact@raythompsonandkim.com,United States,6006 morton hollow chamberstown nm 44707,ray thompson and kim,North Richardborough,raythompsonandkim.com,Transportation,+16019588495
CO,contact@turnerinc.com,United States,7886 tony land litown ak 69195,turner inc,North Jeffreystad,turnerinc.com,Transportation,+16169702049
NH,contact@youngltd.com,United States,40521 paul flat suite 889 jamiefurt nc 40122,young ltd,Port Timothymouth,youngltd.com,Energy,+14581997415
AZ,contact@frye-stephens.com,United States,3338 gregory manors west curtis wa 77456,frye-stephens,Port Johnnyville,frye-stephens.com,Legal,+15016745825
AZ,contact@lee-ramos.com,United States,uss thomas fpo ap 16860,lee-ramos,North Cameronbury,lee-ramos.com,Legal,+15318140230
VA,contact@valenzuela-bailey.com,United States,3012 burke crest christopherview ga 17446,valenzuela-bailey,Jeffreyview,valenzuela-bailey.com,Retail,+11095582132
VA,contact@henryinc.com,United States,60749 john row apt. 434 richardside ny 17253,henry inc,Troystad,henryinc.com,Consulting,+13770177279
AR,contact@lopez-foster.com,United States,3995 navarro lane hoffmanton wy 23073,lopez-foster,Brandiborough,lopez-foster.com,Construction,+10714230508
AZ,contact@harrellgroup.com,United States,3830 amber vista turnertown nm 40205,harrell group,Amandahaven,harrellgroup.com,Construction,+12042388492
GA,contact@jeffersonwilliamsandreyes.com,United States,0707 benjamin ports suite 474 west thomas ak 06902,jefferson williams and reyes,Annetteburgh,jeffersonwilliamsandreyes.com,Agriculture,+18983515556
PA,contact@rodriguezporterandgonzales.com,United States,0314 ray hills suite 413 south richardport wa 72306,rodriguez porter and gonzales,Thomastown,rodriguezporterandgonzales.com,Hospitality,+10166953600
MT,contact@wardmataandkennedy.com,United States,0516 thomas causeway suite 840 north ritafurt id 12360,ward mata and kennedy,Phelpsberg,wardmataandkennedy.com,Consulting,+13240257290
TX,contact@king-williamson.com,United States,00743 austin burgs martinezshire ms 33229,king-williamson,Williamborough,king-williamson.com,Energy,+16790903491
NE,contact@padillacarterandcook.com,United States,6396 glen inlet kennethfurt mi 14808,padilla carter and cook,Port Peter,padillacarterandcook.com,Healthcare,+12053910460
IL,contact@rayharrellandcruz.com,United States,437 harrington glen port amandamouth de 82603,ray harrell and cruz,New Thomas,rayharrellandcruz.com,Marketing,+10572603617
PA,contact@wilcoxltd.com,United States,923 miller grove suite 881 lake ashleyberg ar 30203,wilcox ltd,New Wendyberg,wilcoxltd.com,Transportation,+17134773792
GA,contact@wangskinnerandpatton.com,United States,08982 todd freeway evanmouth ia 76713,wang skinner and patton,Amandaland,wangskinnerandpatton.com,Agriculture,+10247190059
MT,contact@coxplc.com,United States,51554 rebecca park lake johntown in 03438,cox plc,Port Jimmyview,coxplc.com,Legal,+13589236208
IL,contact@leestevensandguerrero.com,United States,05479 george highway east danielport tn 27933,lee stevens and guerrero,Miguelfort,leestevensandguerrero.com,Agriculture,+11039820897
AL,contact@simpson-delgado.com,United States,69782 webb groves north philip pa 08121,simpson-delgado,Cantrellview,simpson-delgado.com,Healthcare,+19407015006
HI,contact@howardgreerandhayden.com,United States,94944 sheppard throughway suite 975 rebeccashire ri 11948,howard greer and hayden,West Virginiaberg,howardgreerandhayden.com,Marketing,+19290074596
TX,contact@greenfloydandrobinson.com,United States,797 jonathan rapids apt. 394 east cindy vt 97881,green floyd and robinson,Cliffordport,greenfloydandrobinson.com,Legal,+19632387949
IN,contact@jonessmithandwest.com,United States,8963 henry roads south jared or 98546,jones smith and west,Davidtown,jonessmithandwest.com,Technology,+12756535975
MA,contact@rodriguez-acosta.com,United States,268 wyatt point suite 270 lake kathleen in 29414,rodriguez-acosta,Lake Ellenfort,rodriguez-acosta.com,Retail,+11608774799
AR,contact@jones-miller.com,United States,8974 garcia isle apt. 988 new laura nj 93840,jones-miller,South Danielleshire,jones-miller.com,Legal,+13892619250
CT,contact@orozco-baldwin.com,United States,usnv maldonado fpo ae 23253,orozco-baldwin,Lake Amyville,orozco-baldwin.com,Retail,+17869852274
WY,contact@payne-baldwin.com,United States,9797 lee manors suite 405 colemanberg dc 27924,payne-baldwin,Lake Teresa,payne-baldwin.com,Energy,+18060764698
AL,contact@hallhoodandbrooks.com,United States,279 jones drives suite 929 higginshaven wv 13198,hall hood and brooks,Jessicaville,hallhoodandbrooks.com,Education,+11987650966
NM,contact@howe-rogers.com,United States,601 parks club suite 542 collinsberg md 60696,howe-rogers,Ryanshire,howe-rogers.com,Energy,+12895737223
SD,contact@cordova-long.com,United States,397 sarah curve suite 174 east cindyview ma 25956,cordova-long,Port Joseph,cordova-long.com,Transportation,+16156301433
PA,contact@kerr-robertson.com,United States,psc 3848 box 1108 apo aa 92511,kerr-robertson,Clinemouth,kerr-robertson.com,Healthcare,+18533890394
CO,contact@robertson-bowers.com,United States,616 daniel mills roseport mt 43402,robertson-bowers,Carrside,robertson-bowers.com,Marketing,+15520429607
SC,contact@cochranroblesandfox.com,United States,277 stacie corner apt. 461 north john nh 80623,cochran robles and fox,Davisstad,cochranroblesandfox.com,Energy,+17627012567
MD,contact@richardgroup.com,United States,5014 davis glen south richardhaven ky 11842,richard group,Port Scott,richardgroup.com,Retail,+11870457565
OK,contact@traninc.com,United States,090 cody pike apt. 772 torresburgh nm 95880,tran inc,Martinmouth,traninc.com,Energy,+18514855512
NY,contact@whitewardandcrawford.com,United States,75538 wood landing apt. 302 new jamie mn 30318,white ward and crawford,Heatherborough,whitewardandcrawford.com,Retail,+19973913732
TN,contact@watsonjonesandbrown.com,United States,5187 janet unions kathyside mo 88757,watson jones and brown,Wilsonview,watsonjonesandbrown.com,Real Estate,+11487482433
NE,contact@torresrossandmckinney.com,United States,8599 david course lake jessica co 06758,torres ross and mckinney,Dylanchester,torresrossandmckinney.com,Agriculture,+15197218687
SC,contact@fergusonltd.com,United States,99172 stacy plains apt. 032 leonardview al 08772,ferguson ltd,Robertsfort,fergusonltd.com,Education,+19149235899
TX,contact@gutierrez-schmidt.com,United States,7511 eric shores apt. 959 west stanleyhaven ky 12904,gutierrez-schmidt,Maryview,gutierrez-schmidt.com,Transportation,+19591915013
IN,contact@jones-ibarra.com,United States,7518 martin extension apt. 845 shaneland nv 72893,jones-ibarra,East Craig,jones-ibarra.com,Education,+17708292543
DC,contact@nguyenbrownandchapman.com,United States,69871 carrie turnpike suite 323 east williamport md 63467,nguyen brown and chapman,New Stevenbury,nguyenbrownandchapman.com,Energy,+14330783049
AZ,contact@davisdanielsandnewman.com,United States,10132 charles expressway apt. 199 lewisshire id 62465,davis daniels and newman,Stevenborough,davisdanielsandnewman.com,Healthcare,+14187567669
NY,contact@marksroseandhurst.com,United States,92522 mills crossroad suite 683 new melissa az 63687,marks rose and hurst,South Kimmouth,marksroseandhurst.com,Legal,+18115080671
LA,contact@barrplc.com,United States,837 jessica junction apt. 888 south sonyahaven ak 49181,barr plc,Brianfurt,barrplc.com,Legal,+15013324210
VA,contact@williams-williamson.com,United States,uscgc kirby fpo ae 07223,williams-williamson,North Aprilland,williams-williamson.com,Technology,+16812737286
NV,contact@jenkins-holmes.com,United States,24479 david ports apt. 229 port kimberlymouth nj 66972,jenkins-holmes,Jamesfort,jenkins-holmes.com,Legal,+15243052169
MO,contact@jonesgalvanandlee.com,United States,56830 cooper square lindabury sc 48692,jones galvan and lee,Alexanderport,jonesgalvanandlee.com,Manufacturing,+19571562399
NH,contact@johnsondiazandwatts.com,United States,70320 carla manors apt. 256 fosterfort ny 13780,johnson diaz and watts,Shirleychester,johnsondiazandwatts.com,Consulting,+13238549283
IL,contact@frazierhobbsandanderson.com,United States,psc 2338 box 9761 apo ap 04109,frazier hobbs and anderson,Port Victoriabury,frazierhobbsandanderson.com,Consulting,+10296899756
OK,contact@jones-vincent.com,United States,8593 anderson meadows kiarafurt in 08437,jones-vincent,Port Robert,jones-vincent.com,Legal,+19324683423
KY,contact@youngandsons.com,United States,65074 deborah dam andrewborough co 30832,young and sons,Port Debbieside,youngandsons.com,Healthcare,+18275849962
CO,contact@blackwell-lewis.com,United States,1787 thomas river suite 811 north ashleymouth va 18298,blackwell-lewis,Nguyenshire,blackwell-lewis.com,Technology,+18571200908
OK,contact@evans-davidson.com,United States,6039 reeves inlet west amanda wv 10444,evans-davidson,Townsendstad,evans-davidson.com,Energy,+13001974022
LA,contact@mannramirezandwilliams.com,United States,9787 wolf row kevinburgh ct 14556,mann ramirez and williams,Alexanderland,mannramirezandwilliams.com,Retail,+12296950654
OK,contact@king-coleman.com,United States,2282 torres crest suite 739 lake ronald de 56162,king-coleman,Jacobton,king-coleman.com,Agriculture,+10748999093
LA,contact@holtrodriguezandsteele.com,United States,50249 lane field katherineburgh ma 18440,holt rodriguez and steele,Woodhaven,holtrodriguezandsteele.com,Construction,+19300101721
WV,contact@robersongroup.com,United States,653 patricia springs michaelchester wi 83554,roberson group,Lake Tiffanyside,robersongroup.com,Manufacturing,+18146017522
SD,contact@kanefloresandyoung.com,United States,073 steven lakes medinaton ms 52695,kane flores and young,Lawrencefurt,kanefloresandyoung.com,Retail,+18974559325
NJ,contact@berger-cox.com,United States,567 megan union reneemouth ut 23451,berger-cox,North Marissa,berger-cox.com,Manufacturing,+18920967754
KS,contact@bailey-yang.com,United States,usnv woodward fpo aa 61353,bailey-yang,Lake Kendraville,bailey-yang.com,Marketing,+12222785883
IA,contact@morrisallenandsmith.com,United States,2034 boone hill jamesview ga 89609,morris allen and smith,East Daniellemouth,morrisallenandsmith.com,Education,+15332385740
DE,contact@cookkellyandmills.com,United States,09492 murray unions suite 144 johnshire hi 83597,cook kelly and mills,Lawsonchester,cookkellyandmills.com,Agriculture,+14143716436
KS,contact@crawford-shields.com,United States,4845 mueller forest henryborough in 62268,crawford-shields,Allenport,crawford-shields.com,Marketing,+19708451432
SC,contact@baker-ingram.com,United States,0105 shawn forges ritterbury nj 72422,baker-ingram,Acevedoton,baker-ingram.com,Energy,+18875206651
IN,contact@kramerdominguezandshah.com,United States,153 laura manor apt. 413 joeborough mo 70280,kramer dominguez and shah,Allenberg,kramerdominguezandshah.com,Consulting,+14144955490
OR,contact@hunterrodriguezandgardner.com,United States,266 luis ridges port jonathan mt 81618,hunter rodriguez and gardner,North Jasonfurt,hunterrodriguezandgardner.com,Agriculture,+12893363627
IL,contact@nguyen-miller.com,United States,5357 hurst mall ericbury mn 56864,nguyen-miller,Port Charlene,nguyen-miller.com,Real Estate,+10747669697
WI,contact@nelsongroup.com,United States,unit 8250 box 5930 dpo aa 61366,nelson group,Anthonyberg,nelsongroup.com,Finance,+14736004955
CA,contact@rhodes-norman.com,United States,6889 marshall villages samuelchester nv 60437,rhodes-norman,West Timothyton,rhodes-norman.com,Finance,+13729167029
LA,contact@muellervegaandperez.com,United States,63163 palmer drive hardytown ia 69435,mueller vega and perez,Ortizbury,muellervegaandperez.com,Finance,+14134924018
PA,contact@anderson-clarke.com,United States,99915 brown pine suite 182 paulhaven nj 02548,anderson-clarke,Graveshaven,anderson-clarke.com,Hospitality,+19548383544
AL,contact@andersonjohnsonandblanchard.com,United States,57737 lynn meadows suite 532 west brianbury fl 96524,anderson johnson and blanchard,New Michaelbury,andersonjohnsonandblanchard.com,Healthcare,+11334081820
NE,contact@schneider-fisher.com,United States,68396 johnson neck kirbyfort nd 44505,schneider-fisher,East Brian,schneider-fisher.com,Energy,+13008775575
ND,contact@garzathompsonandgraham.com,United States,7630 michael trail east benjamin ks 32215,garza thompson and graham,Stewartbury,garzathompsonandgraham.com,Transportation,+15207257613
NC,contact@meltonwolfeandreynolds.com,United States,709 paul canyon suite 350 eileenberg mn 44868,melton wolfe and reynolds,Alvarezville,meltonwolfeandreynolds.com,Energy,+13028262573
CA,contact@brownltd.com,United States,9906 mills coves suite 187 robertsonhaven de 32396,brown ltd,West Joannatown,brownltd.com,Manufacturing,+19374803336
NM,contact@millermcbrideandweaver.com,United States,85610 smith port suite 721 frankmouth nh 53229,miller mcbride and weaver,Port Jonathan,millermcbrideandweaver.com,Transportation,+14923122507
NJ,contact@mejiasmithandhoffman.com,United States,7495 taylor lane apt. 127 perryhaven ut 58020,mejia smith and hoffman,Michaelside,mejiasmithandhoffman.com,Energy,+19983172515
SD,contact@myersllc.com,United States,28642 kyle forks apt. 762 richardsonchester ar 88677,myers llc,Sarahaven,myersllc.com,Transportation,+18100775451
CA,contact@rodriguezgonzalezandflores.com,United States,unit 0030 box 9900 dpo aa 42263,rodriguez gonzalez and flores,East Ashleyside,rodriguezgonzalezandflores.com,Agriculture,+10062583805
MO,contact@nobleplc.com,United States,2152 mary point apt. 989 south scottborough fl 29574,noble plc,North Lynnstad,nobleplc.com,Transportation,+17432753897
MI,contact@mora-acosta.com,United States,68212 davis lights south zachary nm 05146,mora-acosta,Pamelafurt,mora-acosta.com,Consulting,+18540811002
AZ,contact@garnerandsons.com,United States,6549 kyle ridge port jose sc 44890,garner and sons,West Jamieview,garnerandsons.com,Real Estate,+13706717713
AZ,contact@dunnbakerandhoward.com,United States,66280 jeremy lane suite 546 janetmouth ri 42408,dunn baker and howard,Petersport,dunnbakerandhoward.com,Energy,+14356942268
UT,contact@sampsonallenandpatterson.com,United States,554 olivia mount new williamburgh ga 80828,sampson allen and patterson,Austinmouth,sampsonallenandpatterson.com,Agriculture,+15590633419
LA,contact@fox-le.com,United States,283 michael mountains kennethbury ia 44474,fox-le,Annebury,fox-le.com,Hospitality,+12705968073
ID,contact@bailey-martin.com,United States,997 curtis burgs port ericborough mi 99289,bailey-martin,Joycetown,bailey-martin.com,Healthcare,+16759742143
FL,contact@suarezinc.com,United States,00836 benjamin way lake valerie pa 10896,suarez inc,Tonyaside,suarezinc.com,Finance,+19335141715
CA,contact@colemanwilliamsandmiller.com,United States,263 johnson walks new richard me 90794,coleman williams and miller,New Micheleburgh,colemanwilliamsandmiller.com,Consulting,+15797136514
MS,contact@harrisltd.com,United States,7753 ramirez road suite 107 west kristen ia 97985,harris ltd,Port Dustin,harrisltd.com,Real Estate,+18399932415
SC,contact@gilesinc.com,United States,8040 cooper rapid donnaland ne 70823,giles inc,Joannchester,gilesinc.com,Legal,+19095537725
VA,contact@hallharrisandjohns.com,United States,366 small bypass apt. 080 keithmouth ut 57770,hall harris and johns,Walkertown,hallharrisandjohns.com,Real Estate,+12249809969
AR,contact@fowlergroup.com,United States,76729 morrison lights martinezchester or 80131,fowler group,Nicolehaven,fowlergroup.com,Transportation,+12241518118
IL,contact@riley-snyder.com,United States,6196 michael roads apt. 504 north connor ar 02532,riley-snyder,Alanfort,riley-snyder.com,Construction,+15468481100
DE,contact@burns-taylor.com,United States,53804 scott crescent suite 276 south denise ky 81312,burns-taylor,Alishabury,burns-taylor.com,Transportation,+16368694651
GA,contact@carrmeyerandmaldonado.com,United States,596 julie via north candice oh 89077,carr meyer and maldonado,Liuport,carrmeyerandmaldonado.com,Real Estate,+13115881108
CT,contact@padilla-fischer.com,United States,06763 bernard shore apt. 941 campbelltown ga 15368,padilla-fischer,Johnland,padilla-fischer.com,Technology,+19320005779
NE,contact@harrisparkerandsoto.com,United States,unit 8483 box 3442 dpo ae 39503,harris parker and soto,West Krista,harrisparkerandsoto.com,Real Estate,+19013745876
TN,contact@thompsoninc.com,United States,140 glenn place lake cynthia il 77035,thompson inc,South Ginaburgh,thompsoninc.com,Energy,+14130589652
CO,contact@boydlozanoandherrera.com,United States,812 kevin prairie apt. 952 north jacob ia 95892,boyd lozano and herrera,Thomasstad,boydlozanoandherrera.com,Agriculture,+19352800132
CT,contact@pageandersonandsanchez.com,United States,3847 reynolds stravenue north kelseyberg oh 31315,page anderson and sanchez,Robertoburgh,pageandersonandsanchez.com,Energy,+15831656245
OH,contact@moon-simon.com,United States,30829 mitchell cliff suite 251 west richard mn 03939,moon-simon,Mcdonaldville,moon-simon.com,Marketing,+16101744630
PA,contact@bradshawandsons.com,United States,3774 kristen crest east autumn mo 59804,bradshaw and sons,Lake Renee,bradshawandsons.com,Real Estate,+15413762108
CT,contact@anderson-sanchez.com,United States,07927 wise inlet suite 757 andreton ma 67607,anderson-sanchez,New Christopher,anderson-sanchez.com,Transportation,+16567997219
PA,contact@fisherinc.com,United States,7745 emily place apt. 064 south williamstad nj 01903,fisher inc,Eugeneside,fisherinc.com,Finance,+19068680366
MA,contact@campbellmartinandmiller.com,United States,5826 gabriel greens lake vickiemouth oh 11690,campbell martin and miller,Frankport,campbellmartinandmiller.com,Construction,+13553077462
HI,contact@perkins-chavez.com,United States,350 oscar hills suite 826 east brittanyborough wy 46901,perkins-chavez,New Emilyshire,perkins-chavez.com,Consulting,+15751949900
MO,contact@mcmillanwaltersandsmith.com,United States,819 dalton mission suite 175 donnashire ma 86244,mcmillan walters and smith,Crystaltown,mcmillanwaltersandsmith.com,Consulting,+18124381501
OH,contact@thompsonfrancoandsimpson.com,United States,7877 singleton manors port kevinmouth ak 87392,thompson franco and simpson,West Christopherchester,thompsonfrancoandsimpson.com,Agriculture,+14718884927
MT,contact@kellermooreandmendoza.com,United States,1697 ashley route suite 557 stephanieton ms 82444,keller moore and mendoza,Lloydborough,kellermooreandmendoza.com,Legal,+12100771784
NC,contact@mcmillanllc.com,United States,98532 janice divide east dakotaport nj 74277,mcmillan llc,South Gabrielle,mcmillanllc.com,Finance,+17448197952
NJ,contact@ramosinc.com,United States,4010 christopher greens boyershire ia 34829,ramos inc,West Megantown,ramosinc.com,Transportation,+14009784888
VA,contact@jacksonandsons.com,United States,9046 kyle ways margaretchester nm 22239,jackson and sons,West Patrick,jacksonandsons.com,Finance,+17385962506
TX,contact@romero-taylor.com,United States,658 black haven harveybury ia 14229,romero-taylor,New Kathleenhaven,romero-taylor.com,Consulting,+14394959147
UT,contact@bakerinc.com,United States,unit 1405 box 0374 dpo ap 59162,baker inc,Port Barbarachester,bakerinc.com,Technology,+13621249563
DC,contact@rogers-nolan.com,United States,99271 kimberly springs suite 189 amandastad pa 45083,rogers-nolan,West Stevenport,rogers-nolan.com,Real Estate,+11461008444
VA,contact@ricecastanedaandmccarthy.com,United States,3382 kari avenue samanthashire ak 01012,rice castaneda and mccarthy,Lake Andrealand,ricecastanedaandmccarthy.com,Marketing,+16647694138
IA,contact@holtdavisandsanchez.com,United States,426 alicia haven apt. 684 jackville az 25885,holt davis and sanchez,North Amyland,holtdavisandsanchez.com,Real Estate,+14941366513
NM,contact@carterllc.com,United States,99391 taylor rapids suite 931 robertfurt co 68944,carter llc,West Sarah,carterllc.com,Manufacturing,+11103917037
NV,contact@patel-lucas.com,United States,94732 katherine locks suite 243 lake jamesfurt dc 96478,patel-lucas,West Jeffrey,patel-lucas.com,Agriculture,+12507245789
WI,contact@reyes-russell.com,United States,82750 jarvis valleys burnsstad ri 24182,reyes-russell,Morganside,reyes-russell.com,Finance,+11505595228
RI,contact@ryanwalkerandshields.com,United States,71727 wagner walks suite 461 taylorland nd 07669,ryan walker and shields,Castilloport,ryanwalkerandshields.com,Consulting,+12420685102
MS,contact@coxllc.com,United States,276 shah oval apt. 616 caseybury pa 28758,cox llc,Burgessshire,coxllc.com,Energy,+16279795929
SD,contact@espinozadiazandwade.com,United States,3458 nixon common port kylefurt ms 40475,espinoza diaz and wade,Port Curtis,espinozadiazandwade.com,Hospitality,+11586639669
AR,contact@hawkinsllc.com,United States,3807 eaton ridges cathybury hi 19515,hawkins llc,Karenhaven,hawkinsllc.com,Finance,+19828697579
KS,contact@johnsonplc.com,United States,usnv brady fpo ae 46821,johnson plc,New Susanfort,johnsonplc.com,Real Estate,+11018646375
NJ,contact@adamsandsons.com,United States,43192 lee station benjaminstad ri 59856,adams and sons,South Heidishire,adamsandsons.com,Technology,+12330485962
VA,contact@hendersonltd.com,United States,8825 kevin knolls apt. 243 leahstad tn 69797,henderson ltd,Lake Williambury,hendersonltd.com,Marketing,+18733042187
FL,contact@newmanmckenzieandmoody.com,United States,2883 kimberly glen apt. 309 east sheri nc 50156,newman mckenzie and moody,Stevenland,newmanmckenzieandmoody.com,Retail,+15728062889
AK,contact@perezkrauseandrodriguez.com,United States,1900 higgins rapid apt. 134 north kathleen nm 13623,perez krause and rodriguez,Kimberlyville,perezkrauseandrodriguez.com,Marketing,+17476227425
GA,contact@swansonllc.com,United States,54210 morgan route michaeltown la 98460,swanson llc,West Brian,swansonllc.com,Legal,+10219258865
AR,contact@cortezhowardandmcdonald.com,United States,1745 mendoza terrace apt. 145 south jeffreyland or 38139,cortez howard and mcdonald,New Jeffrey,cortezhowardandmcdonald.com,Agriculture,+10121434542
OH,contact@smithinc.com,United States,40809 michael ferry apt. 135 lake travismouth de 91033,smith inc,Port Meaganville,smithinc.com,Retail,+11051473582
VA,contact@colemanlarsonandfriedman.com,United States,52774 herring isle juliastad ri 21104,coleman larson and friedman,Johnsonburgh,colemanlarsonandfriedman.com,Legal,+18005435127
MA,contact@prattinc.com,United States,673 lisa ranch suite 209 annamouth vt 04183,pratt inc,West Lisashire,prattinc.com,Agriculture,+13637038709
MA,contact@jimenez-vasquez.com,United States,191 elizabeth crest jenniferport mt 54376,jimenez-vasquez,Travisburgh,jimenez-vasquez.com,Legal,+12169200183
HI,contact@smithandsons.com,United States,3833 molly lodge feliciaberg ia 78659,smith and sons,East Eric,smithandsons.com,Real Estate,+14268299072
DC,contact@simmonsltd.com,United States,829 kim wells suite 376 north erica ny 44429,simmons ltd,Perezview,simmonsltd.com,Real Estate,+17023269018
OH,contact@crossandsons.com,United States,3037 scott crest suite 707 andradeside ar 10211,cross and sons,Laurieview,crossandsons.com,Manufacturing,+10997214889
FL,contact@rodgers-mann.com,United States,28084 robert isle zacharyburgh la 03858,rodgers-mann,Lake Justinfort,rodgers-mann.com,Finance,+14049100680
NV,contact@nguyenandsons.com,United States,4061 melissa trail suite 408 mooreport mt 55206,nguyen and sons,New Andrew,nguyenandsons.com,Real Estate,+13320562964
MS,contact@petersen-miller.com,United States,psc 4997 box 1452 apo ap 09149,petersen-miller,Lake Jennifer,petersen-miller.com,Education,+12288993883
CA,contact@rubioltd.com,United States,33822 phillips causeway apt. 959 new alexandriabury az 45921,rubio ltd,New Elizabethtown,rubioltd.com,Technology,+18666796329
KY,contact@tylerpriceandmay.com,United States,7522 adrian underpass curtisberg co 79818,tyler price and may,Mauriceborough,tylerpriceandmay.com,Agriculture,+15632459699
WI,contact@richardmontgomeryandbaker.com,United States,7905 cannon pine suite 806 westville ia 90393,richard montgomery and baker,West Jennifer,richardmontgomeryandbaker.com,Education,+17919225534
ND,contact@thompsonariasandmendoza.com,United States,9360 campbell squares geraldborough tx 34777,thompson arias and mendoza,Parkerfort,thompsonariasandmendoza.com,Transportation,+18812340224
LA,contact@leeplc.com,United States,0112 wood pines east jessicashire oh 40966,lee plc,North Zacharyfort,leeplc.com,Retail,+19162893200
NJ,contact@black-ramirez.com,United States,478 daniel lane south andrewmouth wi 79550,black-ramirez,South Melissaside,black-ramirez.com,Marketing,+12500068728
MD,contact@collinsdurhamandmurphy.com,United States,880 bailey trafficway franciscofurt sd 83605,collins durham and murphy,North Kristinahaven,collinsdurhamandmurphy.com,Technology,+18569621387
NH,contact@daviscurtisandmorris.com,United States,9889 ray parkway new stephanie ak 51162,davis curtis and morris,Ericside,daviscurtisandmorris.com,Healthcare,+15383154477
AL,contact@martinez-sandoval.com,United States,2415 rose radial suite 835 monicahaven ky 33059,martinez-sandoval,Saunderschester,martinez-sandoval.com,Education,+13102629844
VT,contact@cisnerosltd.com,United States,52270 thomas streets suite 139 johnville ma 78842,cisneros ltd,Codyview,cisnerosltd.com,Construction,+19954443837
TN,contact@harrisonchavezandwolfe.com,United States,psc 5249 box 9987 apo ap 48619,harrison chavez and wolfe,Clarkstad,harrisonchavezandwolfe.com,Education,+16848362291
WY,contact@pattonandsons.com,United States,471 ray orchard brownville nm 47619,patton and sons,Davisborough,pattonandsons.com,Energy,+12536561213
IA,contact@osborneplc.com,United States,6327 barbara square north angel nd 95191,osborne plc,South Michaelmouth,osborneplc.com,Energy,+18893159844
NE,contact@berry-byrd.com,United States,unit 5629 box 3543 dpo aa 70750,berry-byrd,East Adamchester,berry-byrd.com,Finance,+17925700021
ME,contact@andersonsilvaandshaw.com,United States,212 ballard meadows south ronaldview me 74704,anderson silva and shaw,Port Evan,andersonsilvaandshaw.com,Technology,+19466951799
ME,contact@johnsonltd.com,United States,4862 harding crest north benjaminville mn 01900,johnson ltd,Lake Madison,johnsonltd.com,Construction,+11117876430
OR,contact@morrisongroup.com,United States,8640 jones pike lake bailey sc 62945,morrison group,Lake Scott,morrisongroup.com,Real Estate,+11801223259
KY,contact@ricemyersandbarnes.com,United States,8795 patrick heights jacobview mo 39599,rice myers and barnes,Jacobfurt,ricemyersandbarnes.com,Energy,+13050026791
OH,contact@pattersonsalazarandclark.com,United States,34221 tracy divide robertsmouth ca 66908,patterson salazar and clark,West Kristina,pattersonsalazarandclark.com,Construction,+12746878095
KY,contact@millerandsons.com,United States,psc 9250 box 8063 apo ae 29237,miller and sons,Parkerport,millerandsons.com,Legal,+11494857353
WI,contact@owens-hansen.com,United States,854 hamilton canyon south angelaview ok 11703,owens-hansen,Maryshire,owens-hansen.com,Retail,+18798362134
WA,contact@cruzandsons.com,United States,unit 7381 box 9413 dpo aa 57530,cruz and sons,Smithhaven,cruzandsons.com,Energy,+19101830516
NE,contact@diazwhitneyandarnold.com,United States,233 mark gardens apt. 585 chavezside de 32366,diaz whitney and arnold,North Davidton,diazwhitneyandarnold.com,Technology,+11796833877
WY,contact@johnsonjonesandwheeler.com,United States,97631 ryan isle apt. 638 lake susan nm 44886,johnson jones and wheeler,West Katelynview,johnsonjonesandwheeler.com,Technology,+10915800506
NM,contact@payneclarkandmitchell.com,United States,240 washington mission apt. 960 lake susan ri 50663,payne clark and mitchell,Bernardmouth,payneclarkandmitchell.com,Education,+11354498773
NV,contact@brooks-henderson.com,United States,2538 allison centers cherylberg wi 83396,brooks-henderson,Tylerfort,brooks-henderson.com,Marketing,+13474817447
UT,contact@jonesobrienandenglish.com,United States,855 justin underpass apt. 961 phillipsfort wa 90867,jones obrien and english,New Lauraview,jonesobrienandenglish.com,Consulting,+18494897883
KY,contact@stewartthompsonandsmith.com,United States,376 steve road alexanderfurt or 92743,stewart thompson and smith,Smithfurt,stewartthompsonandsmith.com,Retail,+10163147307
DC,contact@gonzaleshollowayandtodd.com,United States,2922 washington flat davidtown hi 63313,gonzales holloway and todd,Lake Andrea,gonzaleshollowayandtodd.com,Retail,+17504086752
UT,contact@peckrobertsandhenry.com,United States,psc 5773 box 4032 apo aa 46839,peck roberts and henry,Lutzstad,peckrobertsandhenry.com,Education,+18679581222
WV,contact@lewisandsons.com,United States,uss marshall fpo aa 68241,lewis and sons,East Brandonmouth,lewisandsons.com,Healthcare,+11722697017
AL,contact@snowllc.com,United States,9840 michael loop new kendraberg or 10900,snow llc,Nataliechester,snowllc.com,Agriculture,+13621008181
NV,contact@reid-vaughan.com,United States,3475 dawn burg apt. 722 east latoyamouth wa 59467,reid-vaughan,Juliafurt,reid-vaughan.com,Transportation,+13915222685
NE,contact@hughesltd.com,United States,66275 lori ramp apt. 312 acostabury ar 42495,hughes ltd,Lake Anthonyshire,hughesltd.com,Finance,+14924041835
TN,contact@harrisbarnesandprince.com,United States,38653 johnson via suite 934 rodriguezchester wi 69528,harris barnes and prince,Nicholasfort,harrisbarnesandprince.com,Agriculture,+14942747475
MA,contact@alexanderballandhogan.com,United States,722 gary islands jamesshire ne 27189,alexander ball and hogan,Tanyachester,alexanderballandhogan.com,Legal,+19856768054
CT,contact@armstrong-terry.com,United States,349 corey courts natalieville me 31728,armstrong-terry,Port Chadburgh,armstrong-terry.com,Transportation,+18344764532
TX,contact@reed-moore.com,United States,90295 jennifer lake suite 958 kevinborough dc 65128,reed-moore,Lake Troy,reed-moore.com,Finance,+14497737243
NY,contact@williams-terry.com,United States,381 barton ferry south timothy ky 10732,williams-terry,Kevinside,williams-terry.com,Healthcare,+10173314258
MD,contact@romero-reed.com,United States,098 christopher common apt. 608 east debbieton nc 09426,romero-reed,Thomasshire,romero-reed.com,Construction,+11670923800
ID,contact@sanders-arnold.com,United States,749 carly hills apt. 054 east robin mo 18668,sanders-arnold,Perezburgh,sanders-arnold.com,Healthcare,+18357507388
MA,contact@floyd-lewis.com,United States,1761 berger underpass gonzalezton ak 58818,floyd-lewis,Lake Scottburgh,floyd-lewis.com,Retail,+17803027504
OK,contact@leegroup.com,United States,199 linda plain apt. 283 north alyssa ak 02545,lee group,East Jeffrey,leegroup.com,Real Estate,+12231473721
AL,contact@ramseywrightandhughes.com,United States,703 morgan springs apt. 884 jackburgh nd 63080,ramsey wright and hughes,Whiteberg,ramseywrightandhughes.com,Consulting,+15705305063
GA,contact@fishergroup.com,United States,90380 joshua corner east peterfort il 62657,fisher group,Anthonyside,fishergroup.com,Agriculture,+19539370218
WI,contact@shortltd.com,United States,psc 4152 box 9848 apo ap 41275,short ltd,Lake Michael,shortltd.com,Legal,+15865543553
LA,contact@levineholmesandwilson.com,United States,4614 cross green new crystal la 04185,levine holmes and wilson,North Seth,levineholmesandwilson.com,Technology,+19411871834
TN,contact@choi-johnson.com,United States,379 webb court port austinview wi 08957,choi-johnson,New Lisaborough,choi-johnson.com,Technology,+13529857600
ND,contact@robertsonandsons.com,United States,81784 ronald brook port eddie ok 87999,robertson and sons,Clayville,robertsonandsons.com,Construction,+17562627529
PA,contact@lopez-melendez.com,United States,psc 1141 box 3409 apo ae 01293,lopez-melendez,North Judith,lopez-melendez.com,Agriculture,+15211949614
CT,contact@ellisdavisandhardy.com,United States,1052 tiffany forges jenkinsshire nv 99485,ellis davis and hardy,Kerryburgh,ellisdavisandhardy.com,Technology,+18987096968
OR,contact@hernandezandsons.com,United States,2594 chambers trail apt. 862 grantchester mt 35540,hernandez and sons,New Johnfurt,hernandezandsons.com,Real Estate,+11081280004
IL,contact@mcknight-webb.com,United States,unit 8994 box 6664 dpo ae 19277,mcknight-webb,Amystad,mcknight-webb.com,Healthcare,+10408556077
WV,contact@escobarinc.com,United States,841 blair streets apt. 734 east kimberly il 72593,escobar inc,Craigland,escobarinc.com,Marketing,+14668664078
AR,contact@millerllc.com,United States,8306 lopez springs east kennethfurt or 41230,miller llc,Reginaldhaven,millerllc.com,Transportation,+18480895835
GA,contact@smithandsons.com,United States,4946 fox track apt. 465 west robin ar 25310,smith and sons,West Stephenhaven,smithandsons.com,Transportation,+18341977177
OR,contact@johnson-chaney.com,United States,74633 regina light port jesus de 01575,johnson-chaney,East Danielle,johnson-chaney.com,Technology,+11868773356
PA,contact@haleinc.com,United States,523 smith ranch apt. 337 lake christy ri 32268,hale inc,Griffithside,haleinc.com,Manufacturing,+12105826400
TX,contact@carterinc.com,United States,41838 roberto inlet suite 471 kellychester tn 38977,carter inc,Joycemouth,carterinc.com,Energy,+18988036050
VA,contact@williamsandsons.com,United States,30430 mary mission rogersmouth ak 73505,williams and sons,Ronaldview,williamsandsons.com,Legal,+12621054979
MT,contact@garciagroup.com,United States,50389 michael pine apt. 064 east jasontown il 28358,garcia group,West Charleshaven,garciagroup.com,Agriculture,+15582926864
MI,contact@brennan-baker.com,United States,258 cooper extension toddstad id 64592,brennan-baker,North Tinahaven,brennan-baker.com,Real Estate,+16991495729
MS,contact@garciagroup.com,United States,179 holt manors apt. 599 armstrongville al 92950,garcia group,Millsshire,garciagroup.com,Hospitality,+18871283851
RI,contact@chambers-rowe.com,United States,35438 gray ridge apt. 475 west denise ks 53499,chambers-rowe,North Brenthaven,chambers-rowe.com,Transportation,+15934601082
ID,contact@fisherhamiltonandcrane.com,United States,3802 victoria bridge adrienneside tn 10553,fisher hamilton and crane,Port Pamela,fisherhamiltonandcrane.com,Transportation,+10809679776
KY,contact@leeinc.com,United States,74895 robin spring suite 814 south brandi az 37207,lee inc,Christopherbury,leeinc.com,Healthcare,+11201728355
WA,contact@colemaninc.com,United States,1815 rodney extension suite 145 sherichester wv 10993,coleman inc,North Michelleside,colemaninc.com,Education,+16860208993
OK,contact@calderonmurphyandgilbert.com,United States,0428 kimberly neck suite 164 port matthew wv 17655,calderon murphy and gilbert,Ericton,calderonmurphyandgilbert.com,Hospitality,+14227299350
MN,contact@moonrobinsonandstewart.com,United States,491 daniel trail north patrick wy 19444,moon robinson and stewart,Lawsonside,moonrobinsonandstewart.com,Finance,+16490651072
OK,contact@harris-vasquez.com,United States,3758 coleman hollow taylorshire me 76909,harris-vasquez,Heatherborough,harris-vasquez.com,Construction,+13486814703
KS,contact@erickson-williams.com,United States,859 heather extensions apt. 455 mendozamouth or 71212,erickson-williams,South Cindy,erickson-williams.com,Education,+15172143789
OH,contact@gonzalezltd.com,United States,57047 howard alley kevinmouth tn 41952,gonzalez ltd,West Catherine,gonzalezltd.com,Marketing,+10577916493
MT,contact@ortizmooreandnewman.com,United States,1384 javier path north christopher mo 12649,ortiz moore and newman,Michaelland,ortizmooreandnewman.com,Legal,+12919064463
MA,contact@santosmccoyandcampbell.com,United States,13325 hill knoll suite 830 new craig vt 46849,santos mccoy and campbell,Williamston,santosmccoyandcampbell.com,Manufacturing,+19166604261
WY,contact@clarkgroup.com,United States,psc 1488 box 5607 apo ap 23109,clark group,East Leslie,clarkgroup.com,Manufacturing,+12534482601
UT,contact@galloway-aguilar.com,United States,66082 glenn via suite 921 hollyview nd 50135,galloway-aguilar,North Kellyburgh,galloway-aguilar.com,Transportation,+19544529251
SC,contact@youngpenaanddunn.com,United States,09357 jonathan wall apt. 749 new justin oh 38214,young pena and dunn,Christinebury,youngpenaanddunn.com,Energy,+10387125751
AZ,contact@martinmooreandlopez.com,United States,456 cheryl fords apt. 595 albertville wy 84095,martin moore and lopez,Hughesview,martinmooreandlopez.com,Hospitality,+10595463463
AZ,contact@miller-lyons.com,United States,unit 8340 box 3989 dpo ap 09777,miller-lyons,East Tammyberg,miller-lyons.com,Healthcare,+11498287925
TX,contact@mossllc.com,United States,094 glenn locks west larry la 78737,moss llc,Calderonborough,mossllc.com,Real Estate,+17284909564
MA,contact@moore-estrada.com,United States,388 beth points apt. 903 port christina ca 51227,moore-estrada,New Lisatown,moore-estrada.com,Legal,+15304429435
NJ,contact@crawfordkimandwilliams.com,United States,53013 kelly walks apt. 193 new bethhaven la 41957,crawford kim and williams,Port Anthony,crawfordkimandwilliams.com,Technology,+18169715359
WA,contact@wadeevansandnelson.com,United States,21824 hart divide new parker mn 88226,wade evans and nelson,Ingramberg,wadeevansandnelson.com,Finance,+19811461334
IN,contact@savagejimenezandhardy.com,United States,025 ross tunnel apt. 752 stephenside ga 06836,savage jimenez and hardy,Jenniferport,savagejimenezandhardy.com,Education,+16821634775
MN,contact@harrisinc.com,United States,7879 jocelyn hollow apt. 192 jackville nh 71014,harris inc,Patrickhaven,harrisinc.com,Education,+15054188137
SC,contact@chavez-dixon.com,United States,578 kayla ridge west nicholas wy 01010,chavez-dixon,South Tracy,chavez-dixon.com,Finance,+10827805878
AZ,contact@duncaninc.com,United States,4362 walters key apt. 799 new michelle oh 62190,duncan inc,Solisfort,duncaninc.com,Finance,+17538635673
KS,contact@randall-smith.com,United States,7425 catherine trail apt. 641 north georgechester ga 28218,randall-smith,Vickiview,randall-smith.com,Finance,+12678650095
WA,contact@millergroup.com,United States,59982 jill rapids cindystad nh 70863,miller group,East Susan,millergroup.com,Agriculture,+15582424760
NC,contact@mirandaandsons.com,United States,982 gomez trail north connie wa 49084,miranda and sons,Christensenborough,mirandaandsons.com,Transportation,+12397627861
DE,contact@shortllc.com,United States,5746 ashley pines south adrienne oh 80219,short llc,Port Ashleefurt,shortllc.com,Consulting,+13978653579
DC,contact@jonesplc.com,United States,375 jodi turnpike johnsonmouth mi 40922,jones plc,Krystalland,jonesplc.com,Agriculture,+13552733019
VT,contact@smithmannandmartinez.com,United States,198 harrison stravenue north danachester ia 11065,smith mann and martinez,Derekland,smithmannandmartinez.com,Technology,+11018304568
TX,contact@holdertuckerandgonzalez.com,United States,unit 6233 box 7960 dpo aa 17642,holder tucker and gonzalez,Kathyfurt,holdertuckerandgonzalez.com,Construction,+18778230935
KY,contact@alvarezchapmanandyork.com,United States,132 james loop loriland fl 84612,alvarez chapman and york,New Emilyshire,alvarezchapmanandyork.com,Construction,+18250218551
VT,contact@powersandsons.com,United States,4921 christina flats courtneyburgh wa 56895,powers and sons,Carrollstad,powersandsons.com,Agriculture,+16640609182
MA,contact@griffingroup.com,United States,613 zachary view suite 605 west melissa wy 59244,griffin group,Nicoleborough,griffingroup.com,Technology,+14571130595
WI,contact@penaplc.com,United States,95073 moore burgs north travis ia 25807,pena plc,East Dana,penaplc.com,Healthcare,+14279822179
ND,contact@davis-sanders.com,United States,8208 shelly mews suite 370 lake christine mi 63412,davis-sanders,Caldwellview,davis-sanders.com,Marketing,+15322717318
VT,contact@reeves-house.com,United States,7166 michael forge apt. 396 east michael tn 42683,reeves-house,Nguyenland,reeves-house.com,Transportation,+19140683356
AR,contact@hannallc.com,United States,37824 emily grove suite 770 laurenborough me 10569,hanna llc,Shannonmouth,hannallc.com,Healthcare,+14895179235
NY,contact@owensnortonandcox.com,United States,9549 rogers rue suite 359 joshuaborough in 60542,owens norton and cox,Lisachester,owensnortonandcox.com,Agriculture,+18762935392
ID,contact@lane-robinson.com,United States,99069 robin pike suite 459 stevenbury la 26234,lane-robinson,Lake Sylvia,lane-robinson.com,Hospitality,+16175409496
CT,contact@hallhowardandroberts.com,United States,906 cook spring west mary va 78621,hall howard and roberts,Jeffmouth,hallhowardandroberts.com,Technology,+14990065988
MN,contact@morganandsons.com,United States,105 chad shoal suite 679 stephanieville wi 58448,morgan and sons,Owensview,morganandsons.com,Agriculture,+14658547066
NE,contact@smith-montoya.com,United States,3816 coffey valleys suite 926 new jessica mo 21419,smith-montoya,Ryanfort,smith-montoya.com,Technology,+16023172854
FL,contact@calhounplc.com,United States,3321 vanessa expressway new kyleport dc 87423,calhoun plc,Woodsmouth,calhounplc.com,Agriculture,+16398573059
LA,contact@rodriguezltd.com,United States,6980 johnson cliffs suite 767 williamsland ks 22714,rodriguez ltd,Lake Kendra,rodriguezltd.com,Legal,+14080405990
MO,contact@ray-bell.com,United States,049 daniel parkway frazierbury mt 65556,ray-bell,Markberg,ray-bell.com,Construction,+10672286547
DE,contact@sanchezandsons.com,United States,203 ramirez island apt. 795 websterview nj 66035,sanchez and sons,North Brian,sanchezandsons.com,Real Estate,+15042108489
CO,contact@jonesllc.com,United States,3109 james light suite 335 westland az 90956,jones llc,North April,jonesllc.com,Agriculture,+19841637373
OR,contact@murphyltd.com,United States,9169 lawrence vista adamfurt ct 59018,murphy ltd,Hallshire,murphyltd.com,Technology,+13259344261
MN,contact@taylor-davis.com,United States,30654 liu fort port benjaminbury la 59573,taylor-davis,West Mary,taylor-davis.com,Retail,+15160428281
WI,contact@downsandsons.com,United States,968 price groves donnafurt de 62151,downs and sons,Jamesfurt,downsandsons.com,Education,+12436542685
ID,contact@rios-higgins.com,United States,948 debra rest apt. 021 new miguel ct 77826,rios-higgins,New Sarah,rios-higgins.com,Construction,+12329574507
VA,contact@nguyen-rogers.com,United States,646 edward court caldwellhaven ca 83884,nguyen-rogers,Emilyton,nguyen-rogers.com,Hospitality,+19151060022
WV,contact@mccarthybyrdandcoleman.com,United States,300 fernandez causeway suite 323 millerport de 75587,mccarthy byrd and coleman,Matthewmouth,mccarthybyrdandcoleman.com,Healthcare,+18335949365
GA,contact@herrera-estrada.com,United States,42846 allen spring suite 984 vaughanmouth mt 05765,herrera-estrada,Ellistown,herrera-estrada.com,Retail,+15166363890
SD,contact@nichols-hunter.com,United States,01559 morgan forest westport ok 10863,nichols-hunter,South Jacob,nichols-hunter.com,Hospitality,+15432858223
IN,contact@colemercerandevans.com,United States,446 andrew rue markport ny 34618,cole mercer and evans,New Charlesville,colemercerandevans.com,Transportation,+12254937658
CA,contact@johnson-ortiz.com,United States,psc 3747 box 9883 apo ae 70810,johnson-ortiz,Lake Ritaborough,johnson-ortiz.com,Hospitality,+17238432932
NC,contact@mullen-andrews.com,United States,64822 flores squares ryanfort nv 99091,mullen-andrews,Kimville,mullen-andrews.com,Transportation,+16596801544
NJ,contact@paulplc.com,United States,09212 scott club suite 549 north michellechester il 99162,paul plc,East Alyssa,paulplc.com,Legal,+11805381467
MA,contact@cunningham-knox.com,United States,13243 poole glen apt. 824 ellenport ny 94126,cunningham-knox,West Michaeltown,cunningham-knox.com,Retail,+16522565014
PA,contact@walker-sims.com,United States,50741 charles drives longshire tx 17806,walker-sims,Lake Gabriel,walker-sims.com,Hospitality,+12420624034
IL,contact@meyergroup.com,United States,96581 robinson pine debraton nj 82760,meyer group,South Andrewshire,meyergroup.com,Agriculture,+17472113623
MN,contact@nelsongroup.com,United States,8072 christopher view south kellyfort va 58225,nelson group,Huberbury,nelsongroup.com,Construction,+10147902087
VA,contact@irwin-pierce.com,United States,414 gardner circles apt. 927 north jenniferview ma 73527,irwin-pierce,Davidhaven,irwin-pierce.com,Legal,+19665569441
ND,contact@vance-case.com,United States,0465 fuentes estate millerhaven pa 06818,vance-case,Jeremyhaven,vance-case.com,Retail,+12174463390
IN,contact@nortonplc.com,United States,5417 mary manor apt. 797 lake marie az 07143,norton plc,Rodgersview,nortonplc.com,Agriculture,+18824980396
OK,contact@andersonfoxandfigueroa.com,United States,69635 ferguson ridges harrismouth fl 20804,anderson fox and figueroa,Phillipfort,andersonfoxandfigueroa.com,Real Estate,+18468547342
IN,contact@berryrodriguezandwelch.com,United States,83670 simmons creek east jeremyview ms 56027,berry rodriguez and welch,Brandonville,berryrodriguezandwelch.com,Education,+16829969320
AK,contact@wallhollandandgrant.com,United States,59232 kyle shore perezfort wv 35316,wall holland and grant,New Daisy,wallhollandandgrant.com,Transportation,+16457176636
GA,contact@rodriguez-montoya.com,United States,unit 7449 box 1208 dpo ae 34525,rodriguez-montoya,West Roberto,rodriguez-montoya.com,Technology,+16265279571
MT,contact@davisandrewsandcarter.com,United States,310 ramirez green apt. 745 clarktown me 94515,davis andrews and carter,Port Christopherfurt,davisandrewsandcarter.com,Manufacturing,+14258419383
GA,contact@parkerltd.com,United States,psc 7307 box 9678 apo ae 15358,parker ltd,Sellersborough,parkerltd.com,Hospitality,+17264449209
PA,contact@greene-martinez.com,United States,9790 ariel union apt. 877 ericaport ma 40595,greene-martinez,New Feliciaside,greene-martinez.com,Construction,+13543498943
OK,contact@hamptonscottandmelton.com,United States,296 roach mews suite 425 port kaitlynmouth ak 19652,hampton scott and melton,Port Aliciahaven,hamptonscottandmelton.com,Agriculture,+10161400258
WY,contact@jonesandersonandobrien.com,United States,666 anna trace apt. 862 rickybury ma 34970,jones anderson and obrien,Juantown,jonesandersonandobrien.com,Real Estate,+19200806793
RI,contact@thomasltd.com,United States,6166 john parkways new kayla ga 93020,thomas ltd,Meganstad,thomasltd.com,Consulting,+13313039695
OK,contact@maycooperandgonzales.com,United States,57670 jessica circle amandaside nd 01251,may cooper and gonzales,New Kristin,maycooperandgonzales.com,Agriculture,+17692984270
SC,contact@castanedaltd.com,United States,883 randall route east stephenmouth sd 39308,castaneda ltd,New Anna,castanedaltd.com,Legal,+19630043693
OK,contact@villaplc.com,United States,8175 antonio avenue suite 533 lake madisonhaven wi 83050,villa plc,Sandersside,villaplc.com,Technology,+19579188230
AR,contact@byrdinc.com,United States,270 pena fords suite 239 dunlapview il 63634,byrd inc,South Tyler,byrdinc.com,Construction,+14507667116
NJ,contact@turnerinc.com,United States,2812 davis ville apt. 306 kimberlymouth co 99784,turner inc,Mitchellton,turnerinc.com,Agriculture,+18687930407
WI,contact@hansengroup.com,United States,106 king station holtburgh ri 36057,hansen group,Barrborough,hansengroup.com,Healthcare,+16131731749
AR,contact@bellhartmanandzavala.com,United States,uss daniels fpo ae 27520,bell hartman and zavala,North Nathantown,bellhartmanandzavala.com,Healthcare,+17653949997
UT,contact@wilsonllc.com,United States,36324 timothy underpass apt. 198 lake mistytown wv 54436,wilson llc,North Jamesmouth,wilsonllc.com,Marketing,+12886010996
WI,contact@contrerasjohnsonandwood.com,United States,11762 brooks camp apt. 839 west stacy vt 08393,contreras johnson and wood,Pageland,contrerasjohnsonandwood.com,Manufacturing,+18315430330
WY,contact@barroninc.com,United States,usns allen fpo aa 47106,barron inc,North Benjamin,barroninc.com,Agriculture,+11807509024
SC,contact@hoffmanwrightandbentley.com,United States,2674 shelby village north brandonburgh wa 10296,hoffman wright and bentley,Port Brendaport,hoffmanwrightandbentley.com,Hospitality,+15544528909
WI,contact@davis-davenport.com,United States,5971 jennifer mountain north jonathan mo 44838,davis-davenport,South Steven,davis-davenport.com,Finance,+11962190676
MI,contact@charlesllc.com,United States,620 neal burg apt. 183 alvaradoberg il 72482,charles llc,Port Staceyside,charlesllc.com,Hospitality,+14250481224
NY,contact@spencer-davis.com,United States,871 brianna roads apt. 837 east darlenechester wa 53736,spencer-davis,Johnsonbury,spencer-davis.com,Consulting,+10264622587
