Business Name,Address,Phone Number,Website,Email,Industry,City,State,Country
Espinoza-Krueger,"522 Curtis Ridges Apt. 941, South Edwinview, HI 91546",243-583-8581,https://espinoza-krueger.com,contact@espinoza-krueger.com,Education,Anneville,GA,United States
"Roberts, Bishop and Maxwell","691 Sanchez Ways, South Benjaminfort, OK 13798",(418)114-2711x539,https://robertsbishopandmaxwell.com,contact@robertsbishopandmaxwell.com,Healthcare,Lake William,IL,United States
"Williams, Ballard and Marquez","8424 Deborah Center, New Mindytown, MT 94004",+1-256-229-0491x793,https://williamsballardandmarquez.com,contact@williamsballardandmarquez.com,Transportation,West Kathrynborough,CO,United States
"Taylor, Andrews and Schwartz","4103 Romero Isle, Lake Alexander, IN 88862",615.008.0827x47897,https://taylorandrewsandschwartz.com,contact@taylorandrewsandschwartz.com,Finance,Lake Crystal,NM,United States
Mills Ltd,"72783 Taylor Radial Suite 867, East Mariashire, GA 78091",(906)350-1424x311,https://millsltd.com,contact@millsltd.com,Healthcare,Donnashire,WA,United States
Flores-Parker,"42478 Schwartz Knolls Suite 057, Burchchester, NE 85231",993-744-9498x4326,https://flores-parker.com,contact@flores-parker.com,Real Estate,Johnsonport,NE,United States
"Perez, Watts and Hunter","83768 Harvey Crossroad Apt. 060, West Eric, CA 19604",+1-145-621-6905x0712,https://perezwattsandhunter.com,contact@perezwattsandhunter.com,Construction,East Laurashire,OH,United States
Jones and Sons,"802 Natasha Manor Suite 561, West Susanview, NY 04984",4119705085,https://jonesandsons.com,contact@jonesandsons.com,Education,East Patriciaburgh,NE,United States
Roberts-Garza,"888 Alexis Streets Suite 244, Gilbertburgh, WI 88124",(481)950-8547x986,https://roberts-garza.com,contact@roberts-garza.com,Legal,Jenningsstad,OR,United States
"Fowler, Khan and Ramirez","3709 John Walks, East Heatherfurt, WY 14054",+1-786-325-8491,https://fowlerkhanandramirez.com,contact@fowlerkhanandramirez.com,Hospitality,Rodriguezbury,DC,United States
Mcfarland Group,"191 Bryant Street Apt. 038, Rodriguezfurt, UT 88196",(519)531-2215x028,https://mcfarlandgroup.com,contact@mcfarlandgroup.com,Finance,Port Cameron,NM,United States
Everett Inc,"72629 Bailey Greens, Jenniferchester, KS 71202",001-130-511-7669x209,https://everettinc.com,contact@everettinc.com,Construction,West Matthew,IA,United States
Johnson PLC,"76970 Perkins Glen Suite 234, Port Meredithbury, NY 89485",(796)526-7916x030,https://johnsonplc.com,contact@johnsonplc.com,Legal,Seanville,NE,United States
"Leblanc, Ferguson and Ward","64111 Brown Forest Suite 587, South Larry, MS 20903",(238)448-5397,https://leblancfergusonandward.com,contact@leblancfergusonandward.com,Manufacturing,Glennstad,WY,United States
Greene-Hamilton,"10422 Meghan Way Suite 632, East Stacey, IL 36708",001-274-839-8817x5511,https://greene-hamilton.com,contact@greene-hamilton.com,Technology,Karaview,LA,United States
Copeland-Whitehead,"87285 Taylor Lock Suite 680, Brownfurt, NH 19064",(225)201-0081x94762,https://copeland-whitehead.com,contact@copeland-whitehead.com,Technology,Anitatown,MA,United States
Wilson-Nelson,"48907 Philip Streets, North Johnbury, SC 78435",736.385.3792,https://wilson-nelson.com,contact@wilson-nelson.com,Transportation,Carlsonburgh,OR,United States
Barrera-Ferrell,"034 Natalie Via, Coreystad, KS 86338",+1-496-708-9649x8317,https://barrera-ferrell.com,contact@barrera-ferrell.com,Legal,New Brendabury,TX,United States
Kirby LLC,"66266 Abbott Light Apt. 344, Port David, NE 39662",737.359.0251x961,https://kirbyllc.com,contact@kirbyllc.com,Marketing,Edwinchester,OH,United States
Davis-Christian,"946 Moss Path Apt. 133, Cainmouth, RI 09529",+1-574-999-9434,https://davis-christian.com,contact@davis-christian.com,Technology,Lyonsfurt,NE,United States
"Riley, Brown and Clark","3555 Fischer Mill Apt. 879, New Calvin, NE 23612",687-697-4459x08406,https://rileybrownandclark.com,contact@rileybrownandclark.com,Hospitality,New Christyside,AL,United States
Thompson Ltd,"9934 Peter Motorway Suite 691, Mcmillanberg, MT 62431",644-391-0988x66200,https://thompsonltd.com,contact@thompsonltd.com,Healthcare,West Lisashire,MD,United States
Jones-Thomas,"2553 Cain Flat Suite 113, New Robertport, OH 12204",928.561.0334x74577,https://jones-thomas.com,contact@jones-thomas.com,Agriculture,Matthewstad,CO,United States
"Kim, Moore and Irwin","244 Sydney Inlet, Lake Lisa, OR 01495",+1-997-021-9013x7802,https://kimmooreandirwin.com,contact@kimmooreandirwin.com,Construction,Lisaberg,CT,United States
Freeman PLC,"PSC 0014, Box 0959, APO AP 89265",(161)994-4218x381,https://freemanplc.com,contact@freemanplc.com,Healthcare,Perryberg,CT,United States
Bailey-Wagner,"9860 Griffin Rapid Suite 012, Jonmouth, MA 23551",086.747.6849x094,https://bailey-wagner.com,contact@bailey-wagner.com,Healthcare,Lake Mary,WY,United States
Powers-Ewing,"4935 Bird Skyway Suite 908, South Tyler, NM 34053",001-465-198-5021,https://powers-ewing.com,contact@powers-ewing.com,Healthcare,North Margaret,VA,United States
Clark-Howard,"412 Howard Port, Josephberg, MD 51390",294-787-1343x4746,https://clark-howard.com,contact@clark-howard.com,Construction,New Christopher,CA,United States
Sawyer Group,"31551 Nicole Isle Suite 799, East Matthewfort, HI 96996",694.929.7725x7862,https://sawyergroup.com,contact@sawyergroup.com,Finance,New Matthew,UT,United States
Bolton-Sandoval,"8593 Sutton Run, East Elizabethchester, OH 32866",001-793-995-8483x270,https://bolton-sandoval.com,contact@bolton-sandoval.com,Agriculture,Johnstonbury,UT,United States
Cox LLC,"5484 Sanchez Inlet Apt. 204, Whiteburgh, ND 69824",001-332-293-6018x701,https://coxllc.com,contact@coxllc.com,Manufacturing,Williamsfurt,MA,United States
"Gutierrez, Barton and Booker","USNV Simon, FPO AE 61253",535-481-8741,https://gutierrezbartonandbooker.com,contact@gutierrezbartonandbooker.com,Transportation,Coreyport,MO,United States
"Kelley, Fernandez and Allen","163 Ashley Lake Suite 819, Claytonmouth, WV 83066",261-112-3773x77148,https://kelleyfernandezandallen.com,contact@kelleyfernandezandallen.com,Education,Johnsonbury,AR,United States
Fisher-Barnes,"032 Sarah Terrace Apt. 773, Matthewsbury, KS 47655",371-601-2237,https://fisher-barnes.com,contact@fisher-barnes.com,Construction,Port Sethmouth,SD,United States
"Jones, Delacruz and Chandler","3682 Susan Mountain, South Megan, SC 31799",001-930-840-1888,https://jonesdelacruzandchandler.com,contact@jonesdelacruzandchandler.com,Consulting,Williamschester,AR,United States
Wright-Roberts,"0356 King Knolls, Wandaborough, IL 30807",(655)177-8988x483,https://wright-roberts.com,contact@wright-roberts.com,Finance,East Marisachester,NH,United States
Barnes Ltd,"80447 Munoz Stream, Lake Mariehaven, VT 79353",(076)481-0179,https://barnesltd.com,contact@barnesltd.com,Hospitality,Lake Jerryfurt,CT,United States
"English, Wright and Gutierrez","7610 Justin Flat Apt. 969, South Dianebury, GA 62220",001-374-723-9250x508,https://englishwrightandgutierrez.com,contact@englishwrightandgutierrez.com,Retail,Reginaton,ME,United States
Ballard and Sons,"20220 Ballard Corner, Gabriellahaven, SD 30544",(288)210-1503,https://ballardandsons.com,contact@ballardandsons.com,Education,South Valerie,WY,United States
Russell-Baker,"73620 Vanessa Ramp, Barryville, SC 11939",392-357-5013x504,https://russell-baker.com,contact@russell-baker.com,Energy,South Sue,WV,United States
Brown LLC,"598 Luna Motorway, Mccarthyfort, AZ 06158",416.371.6104x6719,https://brownllc.com,contact@brownllc.com,Education,Leebury,MI,United States
Smith-Martinez,"Unit 0819 Box 6523, DPO AA 36295",001-959-680-6033x792,https://smith-martinez.com,contact@smith-martinez.com,Marketing,Caseview,PA,United States
Johnson-Savage,"15525 Stacey Throughway, Woodsfurt, NY 15745",001-708-275-6830x30331,https://johnson-savage.com,contact@johnson-savage.com,Transportation,Gracebury,CO,United States
Smith-Wilson,"PSC 0464, Box 9322, APO AE 64498",160.231.8768,https://smith-wilson.com,contact@smith-wilson.com,Construction,Bauerville,RI,United States
Madden-Burnett,"PSC 1464, Box 5344, APO AE 67857",061-938-7545,https://madden-burnett.com,contact@madden-burnett.com,Agriculture,Port Emilyshire,LA,United States
Avila Group,"4342 Vanessa Club Suite 124, Port Derekburgh, AL 91249",9387282796,https://avilagroup.com,contact@avilagroup.com,Construction,West Derekburgh,MO,United States
Nelson-Warren,"PSC 4351, Box 5552, APO AP 44421",(500)660-8273x41092,https://nelson-warren.com,contact@nelson-warren.com,Transportation,New Michael,FL,United States
Rivera Group,"8473 Diaz Square Suite 551, Port Joseport, ND 21650",553-313-5232x8112,https://riveragroup.com,contact@riveragroup.com,Energy,Lake Victorburgh,NC,United States
Gibson-Pollard,"425 Jennifer Station, Josephshire, MN 62579",6894266476,https://gibson-pollard.com,contact@gibson-pollard.com,Transportation,West Elizabeth,UT,United States
Hill PLC,"5887 Kenneth Springs Apt. 722, Roachmouth, DE 40027",+1-235-139-9864x919,https://hillplc.com,contact@hillplc.com,Education,Tylerborough,WY,United States
Riley-Howard,"9406 James Creek Apt. 591, Floresshire, CT 99596",001-393-561-7605x705,https://riley-howard.com,contact@riley-howard.com,Marketing,Mcclurebury,CT,United States
Jimenez-Miles,"89053 Macdonald Trafficway, Holmesside, CT 05620",562.007.2896x34161,https://jimenez-miles.com,contact@jimenez-miles.com,Retail,Ralphland,VA,United States
Hernandez-Brock,"529 Mcdaniel Motorway Apt. 816, Walterhaven, OH 37937",197.940.7097,https://hernandez-brock.com,contact@hernandez-brock.com,Healthcare,East Sandramouth,TN,United States
"Lang, Jordan and Bowers","519 Jake Falls, Johnsonside, RI 76857",809-550-9267x868,https://langjordanandbowers.com,contact@langjordanandbowers.com,Marketing,Lake Christianview,MS,United States
"Williams, Davis and Harris","66477 Angela Creek Apt. 810, Port Janiceton, NJ 38369",958-875-3089x22434,https://williamsdavisandharris.com,contact@williamsdavisandharris.com,Healthcare,North Allisonberg,CT,United States
"Ellis, Love and Gonzalez","3034 Lane Forges Suite 245, Jasonville, VT 36216",714.951.9383,https://ellisloveandgonzalez.com,contact@ellisloveandgonzalez.com,Agriculture,West Stephanie,OR,United States
Rodriguez-Griffith,"Unit 5144 Box 6359, DPO AE 28337",+1-791-404-3609x868,https://rodriguez-griffith.com,contact@rodriguez-griffith.com,Real Estate,Smithland,LA,United States
Hudson PLC,"74796 Jennifer Tunnel Apt. 283, South Ralph, CA 42768",5686102969,https://hudsonplc.com,contact@hudsonplc.com,Legal,Jessicaborough,IN,United States
Michael PLC,"955 Autumn Skyway Suite 987, North Michaelbury, AL 27463",118-242-8965,https://michaelplc.com,contact@michaelplc.com,Finance,South Ashleymouth,DE,United States
Krueger LLC,"170 Bass Orchard, North Andrew, SC 81728",7206616568,https://kruegerllc.com,contact@kruegerllc.com,Manufacturing,North Natalieton,TX,United States
Blake-Fisher,"409 Felicia Field, Lake Michael, MN 99606",+1-280-329-1209,https://blake-fisher.com,contact@blake-fisher.com,Marketing,Lake Derrickchester,MI,United States
Silva-Wagner,"52430 Sharon Turnpike, West Theodore, KS 31292",731-537-5712,https://silva-wagner.com,contact@silva-wagner.com,Finance,Pughhaven,WI,United States
Campbell Group,"27049 Rodney Track Apt. 100, Jamesstad, NC 72428",001-249-914-5781x990,https://campbellgroup.com,contact@campbellgroup.com,Energy,South Megan,TX,United States
Lawson-Welch,"6857 Rebecca Radial, West Christinashire, CA 13418",001-913-272-3183x874,https://lawson-welch.com,contact@lawson-welch.com,Marketing,Port Jamesland,CO,United States
"Adams, Mcmillan and Cabrera","7480 Knox Streets Apt. 757, Ortegaville, MN 71878",509.031.4835x745,https://adamsmcmillanandcabrera.com,contact@adamsmcmillanandcabrera.com,Consulting,Lunamouth,TN,United States
Collins-Marshall,"94620 Smith Ports, Jenkinsbury, GA 58056",479-455-9958,https://collins-marshall.com,contact@collins-marshall.com,Marketing,Johnfurt,NC,United States
Bradley-Brooks,"84861 Stewart Drives, Marquezmouth, MS 97466",(207)823-1739,https://bradley-brooks.com,contact@bradley-brooks.com,Transportation,Kirbyborough,MN,United States
"House, Brown and Shaw","Unit 7939 Box 7240, DPO AA 88087",(012)144-6028x833,https://housebrownandshaw.com,contact@housebrownandshaw.com,Agriculture,Ruthtown,OR,United States
Fowler-Webb,"8454 Thomas Trafficway Apt. 916, New Anthony, PA 10924",642.066.4039x582,https://fowler-webb.com,contact@fowler-webb.com,Transportation,Marissachester,VA,United States
Lee PLC,"15736 Henderson Lights Suite 183, Paulberg, CO 17994",873.154.6909x579,https://leeplc.com,contact@leeplc.com,Construction,South Ashleymouth,UT,United States
Parker-Henderson,"619 Connie Orchard, Lake Joshuabury, MA 18045",941-109-3423x690,https://parker-henderson.com,contact@parker-henderson.com,Marketing,Port Jacob,MI,United States
Garcia-Cooper,"11407 Garcia Place, Port Deborah, WV 07358",+1-645-459-4361,https://garcia-cooper.com,contact@garcia-cooper.com,Construction,Lake Roberthaven,HI,United States
Higgins-Joyce,"61155 Johnson Groves Apt. 161, Wendytown, UT 70721",+1-663-439-1468x6187,https://higgins-joyce.com,contact@higgins-joyce.com,Manufacturing,New Tyler,IA,United States
"Ayala, Estrada and Fisher","8394 Calderon Spring, Angelicaland, ME 75850",345.024.6127x399,https://ayalaestradaandfisher.com,contact@ayalaestradaandfisher.com,Retail,New Jerryton,MI,United States
Schmidt Inc,"614 Herring Common Apt. 554, Shepardville, CA 32959",001-724-167-3073x6358,https://schmidtinc.com,contact@schmidtinc.com,Retail,Ronaldton,FL,United States
Murphy-Pineda,"USNV Anderson, FPO AE 11472",(789)756-5742x26543,https://murphy-pineda.com,contact@murphy-pineda.com,Consulting,East Beth,RI,United States
Mcguire-Burke,"452 Jonathan Pike Apt. 831, Tiffanyfort, IA 66363",001-972-649-0687x2325,https://mcguire-burke.com,contact@mcguire-burke.com,Marketing,Port Jennifer,WV,United States
"Kelly, Bowman and Rodriguez","54637 Richard Springs Suite 797, Barryborough, WA 18896",930.528.8784x57302,https://kellybowmanandrodriguez.com,contact@kellybowmanandrodriguez.com,Consulting,Millerborough,MS,United States
Woods Inc,"PSC 4791, Box 1495, APO AA 31044",920-161-8699,https://woodsinc.com,contact@woodsinc.com,Education,Robertsfort,CT,United States
Marshall Group,"PSC 2926, Box 7563, APO AE 51740",+1-000-705-0975x3866,https://marshallgroup.com,contact@marshallgroup.com,Transportation,New Mariamouth,IL,United States
Miller Group,"67880 Philip Ports, Port Emilyburgh, CA 74636",8072638587,https://millergroup.com,contact@millergroup.com,Transportation,East Jameston,MT,United States
Hawkins-Benjamin,"29181 Reed Bypass Apt. 215, New Kyle, NM 96989",350-913-1428x1804,https://hawkins-benjamin.com,contact@hawkins-benjamin.com,Finance,Kevinville,WY,United States
"Ortiz, Cameron and Reynolds","83324 Bernard Walks Suite 299, New Cheyenne, GA 46924",(245)646-3427,https://ortizcameronandreynolds.com,contact@ortizcameronandreynolds.com,Retail,Carrburgh,NJ,United States
Palmer-Black,"072 Petersen Ville, Walkerbury, AL 85722",903.335.2462x7791,https://palmer-black.com,contact@palmer-black.com,Transportation,Jordanbury,NJ,United States
Miller-Hill,"7413 Jose Unions Suite 348, Donnastad, WY 25544",027-880-1208x305,https://miller-hill.com,contact@miller-hill.com,Retail,Port Leahfort,MT,United States
Zimmerman Ltd,"714 Karina Village, East Ellen, SC 80680",(654)934-3194x757,https://zimmermanltd.com,contact@zimmermanltd.com,Consulting,North Jessicaview,VT,United States
Cox-Smith,"82166 Wolf Avenue Apt. 299, Mindyfort, NE 47737",110.986.9778x450,https://cox-smith.com,contact@cox-smith.com,Healthcare,New Alyssa,CO,United States
"Johnston, Hansen and Martinez","PSC 1038, Box 4157, APO AP 36135",773.673.2635,https://johnstonhansenandmartinez.com,contact@johnstonhansenandmartinez.com,Agriculture,West Donald,WI,United States
Miller and Sons,"6598 Christopher Junctions, North Richardside, ME 03586",001-425-035-4876x97578,https://millerandsons.com,contact@millerandsons.com,Healthcare,Port Karen,NH,United States
Parker PLC,"1708 Branch Extension, Lake Mary, VT 78133",422.720.7673x541,https://parkerplc.com,contact@parkerplc.com,Technology,East Kelly,ID,United States
Morgan Ltd,"6798 Blackwell Brook, Sarahberg, RI 40974",943.342.1170,https://morganltd.com,contact@morganltd.com,Real Estate,Harveystad,MA,United States
Hernandez Inc,"60380 Judy Ranch Apt. 759, Janeborough, OH 84826",+1-198-417-2045x707,https://hernandezinc.com,contact@hernandezinc.com,Real Estate,Port Rachelhaven,NH,United States
Jones-Conrad,"2416 Andrew Harbor, East Eric, IL 35871",(804)187-1581,https://jones-conrad.com,contact@jones-conrad.com,Construction,Myersfurt,RI,United States
"Smith, Arellano and Huff","USS Deleon, FPO AA 15095",597.299.1494x23462,https://smitharellanoandhuff.com,contact@smitharellanoandhuff.com,Transportation,Fieldsshire,ME,United States
Mcintyre Ltd,"4093 Klein Roads, South Robert, LA 48026",995-881-0680x465,https://mcintyreltd.com,contact@mcintyreltd.com,Legal,Colemanton,NC,United States
Woodward-Anderson,"291 Cheryl Tunnel Suite 797, Murillochester, VT 98277",2410903629,https://woodward-anderson.com,contact@woodward-anderson.com,Healthcare,South Darrenview,VT,United States
Skinner-Ward,"22846 Nelson Trace, Burchland, KY 49565",524.444.4068x3034,https://skinner-ward.com,contact@skinner-ward.com,Real Estate,Port Linda,MO,United States
"Alvarado, Cunningham and Henderson","660 Shields Flats, West Cynthia, OR 48570",(052)257-7984x93679,https://alvaradocunninghamandhenderson.com,contact@alvaradocunninghamandhenderson.com,Energy,Marshview,MT,United States
Gray-Davenport,"85960 Brooks Club Apt. 805, South Mariamouth, SC 93052",516.149.1954,https://gray-davenport.com,contact@gray-davenport.com,Education,Port Hannahburgh,KS,United States
Avila LLC,"00992 Jeffrey Drive, North Brittanyville, IA 23120",358-947-9031x93817,https://avilallc.com,contact@avilallc.com,Hospitality,Leahfurt,AZ,United States
Clark-Manning,"49478 Francisco Centers, Lake Jamieville, IA 54440",5618722569,https://clark-manning.com,contact@clark-manning.com,Healthcare,Campbellview,KS,United States
Roberson-Gates,"51280 Estes Lights, Hollandland, OH 49349",3674629784,https://roberson-gates.com,contact@roberson-gates.com,Marketing,East Robert,NM,United States
Ray-Roberts,"565 Callahan Brook Apt. 731, Cordovaburgh, MD 42950",4416091874,https://ray-roberts.com,contact@ray-roberts.com,Manufacturing,East Ashleyside,MO,United States
"Terry, Smith and Simmons","360 Denise Pass, South Amanda, MA 05553",183.676.3414,https://terrysmithandsimmons.com,contact@terrysmithandsimmons.com,Legal,New Deannafurt,OR,United States
Burton-Ward,"226 Jensen Roads Suite 686, Lake Kathryn, ME 75847",(846)346-1423x120,https://burton-ward.com,contact@burton-ward.com,Legal,North Amandastad,IL,United States
Hicks-Williams,"698 Washington Fields, East Mark, IA 83284",(265)411-6559x7161,https://hicks-williams.com,contact@hicks-williams.com,Consulting,South Russell,AZ,United States
"Baxter, Aguilar and Jones","6278 Diane Mission, East Larryfort, WV 79811",001-997-451-4037,https://baxteraguilarandjones.com,contact@baxteraguilarandjones.com,Agriculture,Patriciaville,OR,United States
Wright and Sons,"153 Powell Centers Suite 229, Hunterfurt, KS 21931",869-147-8987,https://wrightandsons.com,contact@wrightandsons.com,Consulting,North Jasonland,GA,United States
"Higgins, Christensen and Williams","2521 Omar Park Apt. 436, Griffithborough, CA 12433",001-076-117-6112x3304,https://higginschristensenandwilliams.com,contact@higginschristensenandwilliams.com,Retail,East Stephenton,KY,United States
Simmons Group,"44546 Moss Turnpike, Port Alexberg, TX 54818",207.043.6244x7828,https://simmonsgroup.com,contact@simmonsgroup.com,Technology,West Kimberly,IA,United States
"Montoya, White and Edwards","PSC 6247, Box 6947, APO AP 90825",(496)393-8843x74547,https://montoyawhiteandedwards.com,contact@montoyawhiteandedwards.com,Consulting,Michaelchester,IL,United States
Simmons Inc,"3981 James Harbor Apt. 311, Port Christopherfort, KS 40430",(868)007-3003x500,https://simmonsinc.com,contact@simmonsinc.com,Education,Griffinside,VA,United States
Wong-Jordan,"44005 Emily Springs, Richardview, MT 34763",260-373-8837,https://wong-jordan.com,contact@wong-jordan.com,Education,Alexandermouth,KS,United States
Webster LLC,"012 Molly Trafficway Suite 428, Nathanchester, CA 11718",(572)046-9568,https://websterllc.com,contact@websterllc.com,Technology,South Kellyside,MI,United States
Wong-Taylor,"372 Theresa Mountains Apt. 624, West Zachary, KS 76627",599.332.0079,https://wong-taylor.com,contact@wong-taylor.com,Manufacturing,New Kellyland,MD,United States
"Avila, Patel and Perez","7005 Derek Summit Suite 124, Cardenasview, VT 86155",279-576-1882x36574,https://avilapatelandperez.com,contact@avilapatelandperez.com,Marketing,Kimburgh,TN,United States
Fields-Jones,"709 Lopez Rapids Suite 913, East Rebekahberg, MO 56131",179.535.5497,https://fields-jones.com,contact@fields-jones.com,Manufacturing,Jamesshire,FL,United States
"Cisneros, Hawkins and Mcclain","460 Veronica Turnpike Apt. 366, Samanthaside, IN 15637",170.862.1032,https://cisneroshawkinsandmcclain.com,contact@cisneroshawkinsandmcclain.com,Finance,West Dominic,AR,United States
"Keller, Gates and Butler","6190 Gregory Forges Suite 584, Marymouth, TN 50590",+1-780-457-9201,https://kellergatesandbutler.com,contact@kellergatesandbutler.com,Transportation,North Johntown,OR,United States
Oneill-James,"17156 Brooks Lodge, New Daleview, NV 44969",+1-908-095-3130x50316,https://oneill-james.com,contact@oneill-james.com,Hospitality,Scottville,RI,United States
Baker-Ferguson,"91288 George Lane Apt. 415, New Russell, IN 44730",+1-393-699-4684x9054,https://baker-ferguson.com,contact@baker-ferguson.com,Consulting,South Robertchester,NH,United States
Marquez Group,"47115 Tammie Mount, Natashamouth, DE 30650",045.735.8677x3795,https://marquezgroup.com,contact@marquezgroup.com,Real Estate,Christianshire,TX,United States
"Kemp, Gallegos and Mckee","USNV Ryan, FPO AA 19168",+1-748-334-6406x347,https://kempgallegosandmckee.com,contact@kempgallegosandmckee.com,Manufacturing,Ramosberg,SC,United States
"Cowan, Sutton and Morris","09899 Shelton Bypass, New Phillipport, PA 31541",607-859-0858,https://cowansuttonandmorris.com,contact@cowansuttonandmorris.com,Transportation,New Brenda,MI,United States
Poole Ltd,"9758 Henderson Trafficway Suite 594, West Brandonmouth, NV 05086",001-754-192-0837x785,https://pooleltd.com,contact@pooleltd.com,Hospitality,Contrerasfort,ND,United States
"Hanson, Baker and Smith","188 Nicole View, Jonesside, TX 47155",+1-854-185-9996x29357,https://hansonbakerandsmith.com,contact@hansonbakerandsmith.com,Manufacturing,West Cindy,UT,United States
Riggs and Sons,"65419 Anna Prairie Suite 325, West Michaelchester, MN 30041",001-800-144-3876x649,https://riggsandsons.com,contact@riggsandsons.com,Healthcare,South Tamara,NJ,United States
"West, Baker and Davis","071 Nielsen Burgs, Lake William, WA 69287",383-723-5750x92358,https://westbakeranddavis.com,contact@westbakeranddavis.com,Construction,Jeffreyville,DE,United States
Rose PLC,"Unit 7681 Box 8496, DPO AA 21617",189-315-2008x341,https://roseplc.com,contact@roseplc.com,Legal,New Melanieton,MO,United States
James Inc,"9834 Dillon Highway, South Williamberg, AK 18931",001-961-894-5425x1116,https://jamesinc.com,contact@jamesinc.com,Manufacturing,Port Williammouth,LA,United States
"Salas, Petersen and Benson","33466 Mandy Bridge, Port Andrewfort, SD 61041",473-047-8068x322,https://salaspetersenandbenson.com,contact@salaspetersenandbenson.com,Technology,Robbinston,SD,United States
"Carey, Welch and Sullivan","8563 Smith Brooks Suite 118, Lake Robertville, CT 55363",(372)898-2092x5285,https://careywelchandsullivan.com,contact@careywelchandsullivan.com,Construction,Haasbury,DE,United States
Greene and Sons,"5281 Kelly Run, Millerberg, CA 28562",235-501-1853,https://greeneandsons.com,contact@greeneandsons.com,Hospitality,South David,NY,United States
Tran-Burns,"33479 Ramirez Fields Suite 631, North Tiffany, WV 06309",846.443.5357,https://tran-burns.com,contact@tran-burns.com,Manufacturing,West Kelseyfort,TX,United States
Allen Ltd,"65732 Tracy Mews Suite 160, Burtonbury, NM 98996",001-527-022-7854x497,https://allenltd.com,contact@allenltd.com,Real Estate,Lake Richard,MA,United States
Nelson-Wright,"1257 Bishop Plains, New Teresa, TX 74280",317-595-3372,https://nelson-wright.com,contact@nelson-wright.com,Legal,Hendersonchester,CA,United States
Sanchez-Bryant,"9199 Katrina Forges, Denniston, IL 36818",993-947-7269x77097,https://sanchez-bryant.com,contact@sanchez-bryant.com,Retail,New Kimberly,SD,United States
Benton Group,"3105 Kristine Station Suite 929, Porterburgh, NY 56993",001-882-242-8907,https://bentongroup.com,contact@bentongroup.com,Real Estate,New Graceport,GA,United States
Middleton-Davidson,"646 Cox Skyway, Lake Jamesfurt, ME 17177",(708)634-9994x65933,https://middleton-davidson.com,contact@middleton-davidson.com,Retail,West Robertville,NM,United States
"Harris, Newman and Cochran","069 Williamson Loaf, South Roger, CA 17130",436-310-4546x17941,https://harrisnewmanandcochran.com,contact@harrisnewmanandcochran.com,Agriculture,Lake Pamela,VA,United States
Rodriguez LLC,"08658 Morse Run Suite 987, West Stevenside, VT 84046",159.758.9949x3076,https://rodriguezllc.com,contact@rodriguezllc.com,Legal,Sandrabury,AK,United States
Riley-Webster,"63056 Smith Loop, Currychester, NC 72957",8367854852,https://riley-webster.com,contact@riley-webster.com,Hospitality,Carneyhaven,WI,United States
Martin-Martin,"66131 Frye Camp Suite 652, Evansland, NV 93761",6537637194,https://martin-martin.com,contact@martin-martin.com,Construction,Sarahshire,DE,United States
Miranda Group,"7979 Mark Grove, East Tiffany, GA 47699",(147)016-6798x492,https://mirandagroup.com,contact@mirandagroup.com,Healthcare,Samuelview,MT,United States
Miller Inc,"71618 Brenda Station, Alexandriahaven, NM 75847",(050)933-9682,https://millerinc.com,contact@millerinc.com,Hospitality,West Lauren,MI,United States
Silva-Rogers,"3607 Sarah Street, North Tomport, NY 34727",773-112-6159,https://silva-rogers.com,contact@silva-rogers.com,Legal,South Amandaside,ID,United States
Parks-Walker,"19897 Lopez Gateway Apt. 545, South Annastad, ND 96314",(901)553-8127,https://parks-walker.com,contact@parks-walker.com,Education,North Brookeborough,VA,United States
James LLC,"929 Michael Islands, Kingstad, VT 85976",9702909759,https://jamesllc.com,contact@jamesllc.com,Construction,South Ethan,NM,United States
Fernandez LLC,"026 Rodriguez Views Suite 046, New Jennifermouth, MT 36106",(047)564-7784,https://fernandezllc.com,contact@fernandezllc.com,Real Estate,Mitchellland,NM,United States
Foster Ltd,"320 Mark Oval, Staceyburgh, NH 93314",(961)566-3571x538,https://fosterltd.com,contact@fosterltd.com,Finance,North Luis,NC,United States
"Sharp, Alexander and Robbins","010 John Roads Apt. 440, Devinburgh, OR 79656",399.121.3373x6542,https://sharpalexanderandrobbins.com,contact@sharpalexanderandrobbins.com,Education,North Jack,IN,United States
Tucker Group,"823 Hayes Burg, North Derekfort, MD 53189",(619)457-7867,https://tuckergroup.com,contact@tuckergroup.com,Consulting,North Nicholasmouth,GA,United States
Chen LLC,"36967 Faulkner Oval Suite 180, Amymouth, AL 34455",983-260-7063x2248,https://chenllc.com,contact@chenllc.com,Education,Lake Debraton,WI,United States
"Patterson, Phillips and Reyes","8053 Lee Spurs Apt. 200, New Mark, AL 10460",+1-894-923-7633,https://pattersonphillipsandreyes.com,contact@pattersonphillipsandreyes.com,Real Estate,Port Stacyshire,VT,United States
"Taylor, Fisher and French","730 Stephanie Lodge, Fosterbury, AL 80095",001-408-361-8853,https://taylorfisherandfrench.com,contact@taylorfisherandfrench.com,Manufacturing,New Benjamin,TN,United States
Rodriguez-Lewis,"56271 Donald Islands Suite 667, North Wendy, AR 42586",635.389.3499x46337,https://rodriguez-lewis.com,contact@rodriguez-lewis.com,Education,South Justinhaven,SD,United States
"Nelson, Morris and Bishop","954 Thomas Summit Suite 056, Port Justin, NE 57104",740.825.6723x8405,https://nelsonmorrisandbishop.com,contact@nelsonmorrisandbishop.com,Retail,Nicolebury,CT,United States
"Buchanan, Day and Gonzalez","USNV Atkins, FPO AE 44370",712.387.8294x833,https://buchanandayandgonzalez.com,contact@buchanandayandgonzalez.com,Finance,Port Gregory,IN,United States
Miller-Rogers,"40881 Collins Oval Apt. 036, South Tammy, AK 06548",330-299-8383x09290,https://miller-rogers.com,contact@miller-rogers.com,Finance,Anthonyport,ME,United States
"Johnson, Cisneros and Manning","12719 Oliver Harbor, Hayesmouth, NY 46150",(617)864-7713x4999,https://johnsoncisnerosandmanning.com,contact@johnsoncisnerosandmanning.com,Consulting,North Christine,CO,United States
White-Robbins,"36763 Moore Meadows, Grayview, WA 59172",+1-508-936-1427x098,https://white-robbins.com,contact@white-robbins.com,Manufacturing,Port Christopherside,NE,United States
"Jones, Miller and Brown","0964 Randolph Land, Anthonyfurt, WI 39647",001-584-429-8283,https://jonesmillerandbrown.com,contact@jonesmillerandbrown.com,Real Estate,Kaylafurt,IA,United States
Daniels Group,"997 Grant Ways, South Joshuaberg, MO 86174",(476)237-7201,https://danielsgroup.com,contact@danielsgroup.com,Construction,Jenniferport,CA,United States
"Tyler, Smith and Short","56273 Elizabeth Mountains, Sophiaville, OH 82393",846.062.0439,https://tylersmithandshort.com,contact@tylersmithandshort.com,Agriculture,Teresachester,KY,United States
Hoffman-Powell,"2863 Alexandra Skyway, Port Danielborough, CA 33175",+1-784-886-5284x66476,https://hoffman-powell.com,contact@hoffman-powell.com,Construction,Morrisview,IA,United States
Young-Smith,"985 Williams Tunnel Suite 818, Lake Christopherhaven, AR 40915",008.387.4735x610,https://young-smith.com,contact@young-smith.com,Education,East Kristenport,WY,United States
Walls-Johnson,"USCGC Castro, FPO AA 30242",+1-658-171-8723x058,https://walls-johnson.com,contact@walls-johnson.com,Technology,Perezton,ID,United States
Price-Guerrero,"USS Lloyd, FPO AP 77230",610-286-6193x424,https://price-guerrero.com,contact@price-guerrero.com,Education,East Richard,MT,United States
Hooper Ltd,"USS Smith, FPO AP 60422",198-062-0320x0622,https://hooperltd.com,contact@hooperltd.com,Consulting,North Jimview,PA,United States
Gray Group,"871 Gonzalez Rapids Apt. 453, Port Michaelhaven, AK 37800",(435)907-9539,https://graygroup.com,contact@graygroup.com,Real Estate,Lindseyfort,IA,United States
Taylor-Rodgers,"USNV Santiago, FPO AA 44576",953-305-1498,https://taylor-rodgers.com,contact@taylor-rodgers.com,Real Estate,Longtown,HI,United States
"Shaw, Copeland and Mullins","53199 Karen Extensions Apt. 896, North Robertport, IN 92358",997.441.8048,https://shawcopelandandmullins.com,contact@shawcopelandandmullins.com,Finance,North James,UT,United States
Calhoun-Garner,"173 Chapman Junctions Apt. 678, East Georgefurt, FL 02040",001-238-569-4238x372,https://calhoun-garner.com,contact@calhoun-garner.com,Agriculture,East Jamesland,KS,United States
Vazquez and Sons,"64694 Jack Meadow, Sullivanborough, RI 50659",(795)777-9942x191,https://vazquezandsons.com,contact@vazquezandsons.com,Healthcare,East Heatherton,MT,United States
"Osborne, Brown and Davis","653 Dominguez Via Apt. 442, Robertsonborough, WA 32684",+1-094-719-5602x4029,https://osbornebrownanddavis.com,contact@osbornebrownanddavis.com,Retail,West Tammy,UT,United States
Chase Ltd,"351 Chase Flats Apt. 087, Port Bryanton, MO 27370",(970)521-6064x71536,https://chaseltd.com,contact@chaseltd.com,Retail,Port Antonio,MA,United States
Joseph-Davis,"4701 Frances Forges Suite 026, Smithton, VA 07256",390-515-2829x018,https://joseph-davis.com,contact@joseph-davis.com,Construction,West Wendy,SD,United States
Hart Group,"584 Kennedy Extension Suite 829, Lake Mike, MT 63172",+1-965-189-5938x858,https://hartgroup.com,contact@hartgroup.com,Real Estate,Lake Travis,MS,United States
Le Group,"133 Carol Passage, South Ryanside, FL 24796",001-610-415-9533,https://legroup.com,contact@legroup.com,Finance,East Allison,MS,United States
"Hunter, Sampson and Perez","812 Carmen Throughway Apt. 621, North Roberthaven, NE 14328",058.332.5423x30754,https://huntersampsonandperez.com,contact@huntersampsonandperez.com,Consulting,East Brandy,NJ,United States
"Howard, Dorsey and Mayo","USNV Duran, FPO AE 03282",978.697.8725x743,https://howarddorseyandmayo.com,contact@howarddorseyandmayo.com,Agriculture,Nicholsonside,SC,United States
Reed-Park,"PSC 5909, Box 5329, APO AA 89265",001-981-493-2252x682,https://reed-park.com,contact@reed-park.com,Hospitality,Turnerbury,WV,United States
"Jones, Bryant and Harding","908 Price Greens Apt. 526, East Nicholas, MS 16251",+1-810-122-7768x10385,https://jonesbryantandharding.com,contact@jonesbryantandharding.com,Technology,New Hannahfurt,CA,United States
"Jones, Potter and Coleman","0077 Case Inlet, South Melissa, AK 59339",386.038.8870,https://jonespotterandcoleman.com,contact@jonespotterandcoleman.com,Finance,Michaelfurt,PA,United States
Wright Group,"24389 John Locks, South Alexa, KY 63880",359-112-5238,https://wrightgroup.com,contact@wrightgroup.com,Legal,Johnsonberg,OK,United States
York-Pitts,"48612 Donna Grove Apt. 882, Kennedyborough, MN 49732",001-329-418-6982x235,https://york-pitts.com,contact@york-pitts.com,Legal,Charlesport,MA,United States
Bennett Group,"0302 Alyssa Villages Apt. 971, West Lee, VA 26901",001-652-419-9417,https://bennettgroup.com,contact@bennettgroup.com,Transportation,Lake Jenniferport,SD,United States
Hubbard PLC,"2719 Martinez Dam Apt. 252, New Carla, VA 84344",102.029.8190x198,https://hubbardplc.com,contact@hubbardplc.com,Energy,New Calvinton,NV,United States
Chang Inc,"462 Johnson Route, East Ashley, ID 53661",(210)522-2647x5969,https://changinc.com,contact@changinc.com,Energy,Anthonytown,DC,United States
Bartlett PLC,"48785 Theodore Orchard, Christopherbury, OK 66058",720-486-7036x83528,https://bartlettplc.com,contact@bartlettplc.com,Finance,Nguyentown,OK,United States
Frye-Smith,"17024 Maldonado Grove, Cowanville, MN 95097",2667284701,https://frye-smith.com,contact@frye-smith.com,Manufacturing,Richardhaven,ME,United States
Newman-Logan,"3746 Reyes Stravenue Suite 211, South Timothytown, IL 45918",025.171.6962x38943,https://newman-logan.com,contact@newman-logan.com,Energy,East Jessicaview,VT,United States
Henry Group,"652 Oliver Stravenue Suite 475, East Daniel, FL 95874",511-557-5290x6951,https://henrygroup.com,contact@henrygroup.com,Education,Samanthaview,CO,United States
Wilson PLC,"6653 Stacey Trail Apt. 308, Taylorhaven, IA 37362",469-441-3808x25989,https://wilsonplc.com,contact@wilsonplc.com,Education,Mooreport,MS,United States
Chambers Inc,"408 Benjamin Mountains Suite 328, Port Kim, AK 60990",001-589-901-7404x440,https://chambersinc.com,contact@chambersinc.com,Marketing,West Anthonyport,NV,United States
"Adams, Perry and Pace","356 Barry River Suite 527, Petersonstad, OK 90180",990-693-6518x6284,https://adamsperryandpace.com,contact@adamsperryandpace.com,Hospitality,Lake Melanieshire,IN,United States
Thomas Group,"63673 Arthur Village, Port Jeromestad, MO 58394",874-305-1355,https://thomasgroup.com,contact@thomasgroup.com,Marketing,Garciahaven,NE,United States
"Ray, Thompson and Kim","6006 Morton Hollow, Chamberstown, NM 44707",001-601-958-8495x137,https://raythompsonandkim.com,contact@raythompsonandkim.com,Transportation,North Richardborough,AL,United States
Turner Inc,"7886 Tony Land, Litown, AK 69195",(616)970-2049x91603,https://turnerinc.com,contact@turnerinc.com,Transportation,North Jeffreystad,CO,United States
Young Ltd,"40521 Paul Flat Suite 889, Jamiefurt, NC 40122",458-199-7415x621,https://youngltd.com,contact@youngltd.com,Energy,Port Timothymouth,NH,United States
Frye-Stephens,"3338 Gregory Manors, West Curtis, WA 77456",501.674.5825x6359,https://frye-stephens.com,contact@frye-stephens.com,Legal,Port Johnnyville,AZ,United States
Lee-Ramos,"USS Thomas, FPO AP 16860",531-814-0230x37670,https://lee-ramos.com,contact@lee-ramos.com,Legal,North Cameronbury,AZ,United States
Valenzuela-Bailey,"3012 Burke Crest, Christopherview, GA 17446",109.558.2132,https://valenzuela-bailey.com,contact@valenzuela-bailey.com,Retail,Jeffreyview,VA,United States
Henry Inc,"60749 John Row Apt. 434, Richardside, NY 17253",001-377-017-7279,https://henryinc.com,contact@henryinc.com,Consulting,Troystad,VA,United States
Lopez-Foster,"3995 Navarro Lane, Hoffmanton, WY 23073",071.423.0508x7623,https://lopez-foster.com,contact@lopez-foster.com,Construction,Brandiborough,AR,United States
Harrell Group,"3830 Amber Vista, Turnertown, NM 40205",(204)238-8492x8620,https://harrellgroup.com,contact@harrellgroup.com,Construction,Amandahaven,AZ,United States
"Jefferson, Williams and Reyes","0707 Benjamin Ports Suite 474, West Thomas, AK 06902",(898)351-5556x195,https://jeffersonwilliamsandreyes.com,contact@jeffersonwilliamsandreyes.com,Agriculture,Annetteburgh,GA,United States
"Rodriguez, Porter and Gonzales","0314 Ray Hills Suite 413, South Richardport, WA 72306",016.695.3600x573,https://rodriguezporterandgonzales.com,contact@rodriguezporterandgonzales.com,Hospitality,Thomastown,PA,United States
"Ward, Mata and Kennedy","0516 Thomas Causeway Suite 840, North Ritafurt, ID 12360",(324)025-7290,https://wardmataandkennedy.com,contact@wardmataandkennedy.com,Consulting,Phelpsberg,MT,United States
King-Williamson,"00743 Austin Burgs, Martinezshire, MS 33229",679.090.3491x101,https://king-williamson.com,contact@king-williamson.com,Energy,Williamborough,TX,United States
"Padilla, Carter and Cook","6396 Glen Inlet, Kennethfurt, MI 14808",205.391.0460,https://padillacarterandcook.com,contact@padillacarterandcook.com,Healthcare,Port Peter,NE,United States
"Ray, Harrell and Cruz","437 Harrington Glen, Port Amandamouth, DE 82603",057.260.3617,https://rayharrellandcruz.com,contact@rayharrellandcruz.com,Marketing,New Thomas,IL,United States
Wilcox Ltd,"923 Miller Grove Suite 881, Lake Ashleyberg, AR 30203",713.477.3792x083,https://wilcoxltd.com,contact@wilcoxltd.com,Transportation,New Wendyberg,PA,United States
"Wang, Skinner and Patton","08982 Todd Freeway, Evanmouth, IA 76713",+1-024-719-0059x9238,https://wangskinnerandpatton.com,contact@wangskinnerandpatton.com,Agriculture,Amandaland,GA,United States
Cox PLC,"51554 Rebecca Park, Lake Johntown, IN 03438",358-923-6208x05568,https://coxplc.com,contact@coxplc.com,Legal,Port Jimmyview,MT,United States
"Lee, Stevens and Guerrero","05479 George Highway, East Danielport, TN 27933",+1-103-982-0897,https://leestevensandguerrero.com,contact@leestevensandguerrero.com,Agriculture,Miguelfort,IL,United States
Simpson-Delgado,"69782 Webb Groves, North Philip, PA 08121",+1-940-701-5006x88348,https://simpson-delgado.com,contact@simpson-delgado.com,Healthcare,Cantrellview,AL,United States
"Howard, Greer and Hayden","94944 Sheppard Throughway Suite 975, Rebeccashire, RI 11948",929-007-4596x16646,https://howardgreerandhayden.com,contact@howardgreerandhayden.com,Marketing,West Virginiaberg,HI,United States
"Green, Floyd and Robinson","797 Jonathan Rapids Apt. 394, East Cindy, VT 97881",+1-963-238-7949,https://greenfloydandrobinson.com,contact@greenfloydandrobinson.com,Legal,Cliffordport,TX,United States
"Jones, Smith and West","8963 Henry Roads, South Jared, OR 98546",275-653-5975x57022,https://jonessmithandwest.com,contact@jonessmithandwest.com,Technology,Davidtown,IN,United States
Rodriguez-Acosta,"268 Wyatt Point Suite 270, Lake Kathleen, IN 29414",160-877-4799x73576,https://rodriguez-acosta.com,contact@rodriguez-acosta.com,Retail,Lake Ellenfort,MA,United States
Jones-Miller,"8974 Garcia Isle Apt. 988, New Laura, NJ 93840",001-389-261-9250x967,https://jones-miller.com,contact@jones-miller.com,Legal,South Danielleshire,AR,United States
Orozco-Baldwin,"USNV Maldonado, FPO AE 23253",+1-786-985-2274x9319,https://orozco-baldwin.com,contact@orozco-baldwin.com,Retail,Lake Amyville,CT,United States
Payne-Baldwin,"9797 Lee Manors Suite 405, Colemanberg, DC 27924",001-806-076-4698x7402,https://payne-baldwin.com,contact@payne-baldwin.com,Energy,Lake Teresa,WY,United States
"Hall, Hood and Brooks","279 Jones Drives Suite 929, Higginshaven, WV 13198",(198)765-0966x01572,https://hallhoodandbrooks.com,contact@hallhoodandbrooks.com,Education,Jessicaville,AL,United States
Howe-Rogers,"601 Parks Club Suite 542, Collinsberg, MD 60696",001-289-573-7223,https://howe-rogers.com,contact@howe-rogers.com,Energy,Ryanshire,NM,United States
Cordova-Long,"397 Sarah Curve Suite 174, East Cindyview, MA 25956",+1-615-630-1433x686,https://cordova-long.com,contact@cordova-long.com,Transportation,Port Joseph,SD,United States
Kerr-Robertson,"PSC 3848, Box 1108, APO AA 92511",(853)389-0394,https://kerr-robertson.com,contact@kerr-robertson.com,Healthcare,Clinemouth,PA,United States
Robertson-Bowers,"616 Daniel Mills, Roseport, MT 43402",001-552-042-9607,https://robertson-bowers.com,contact@robertson-bowers.com,Marketing,Carrside,CO,United States
"Cochran, Robles and Fox","277 Stacie Corner Apt. 461, North John, NH 80623",(762)701-2567x3132,https://cochranroblesandfox.com,contact@cochranroblesandfox.com,Energy,Davisstad,SC,United States
Richard Group,"5014 Davis Glen, South Richardhaven, KY 11842",001-187-045-7565x6957,https://richardgroup.com,contact@richardgroup.com,Retail,Port Scott,MD,United States
Tran Inc,"090 Cody Pike Apt. 772, Torresburgh, NM 95880",001-851-485-5512,https://traninc.com,contact@traninc.com,Energy,Martinmouth,OK,United States
"White, Ward and Crawford","75538 Wood Landing Apt. 302, New Jamie, MN 30318",997.391.3732x16822,https://whitewardandcrawford.com,contact@whitewardandcrawford.com,Retail,Heatherborough,NY,United States
"Watson, Jones and Brown","5187 Janet Unions, Kathyside, MO 88757",148.748.2433,https://watsonjonesandbrown.com,contact@watsonjonesandbrown.com,Real Estate,Wilsonview,TN,United States
"Torres, Ross and Mckinney","8599 David Course, Lake Jessica, CO 06758",519.721.8687x321,https://torresrossandmckinney.com,contact@torresrossandmckinney.com,Agriculture,Dylanchester,NE,United States
Ferguson Ltd,"99172 Stacy Plains Apt. 032, Leonardview, AL 08772",001-914-923-5899x76507,https://fergusonltd.com,contact@fergusonltd.com,Education,Robertsfort,SC,United States
Gutierrez-Schmidt,"7511 Eric Shores Apt. 959, West Stanleyhaven, KY 12904",959-191-5013x81987,https://gutierrez-schmidt.com,contact@gutierrez-schmidt.com,Transportation,Maryview,TX,United States
Jones-Ibarra,"7518 Martin Extension Apt. 845, Shaneland, NV 72893",770-829-2543x488,https://jones-ibarra.com,contact@jones-ibarra.com,Education,East Craig,IN,United States
"Nguyen, Brown and Chapman","69871 Carrie Turnpike Suite 323, East Williamport, MD 63467",433-078-3049,https://nguyenbrownandchapman.com,contact@nguyenbrownandchapman.com,Energy,New Stevenbury,DC,United States
"Davis, Daniels and Newman","10132 Charles Expressway Apt. 199, Lewisshire, ID 62465",+1-418-756-7669x33842,https://davisdanielsandnewman.com,contact@davisdanielsandnewman.com,Healthcare,Stevenborough,AZ,United States
"Marks, Rose and Hurst","92522 Mills Crossroad Suite 683, New Melissa, AZ 63687",811.508.0671x87391,https://marksroseandhurst.com,contact@marksroseandhurst.com,Legal,South Kimmouth,NY,United States
Barr PLC,"837 Jessica Junction Apt. 888, South Sonyahaven, AK 49181",(501)332-4210x06923,https://barrplc.com,contact@barrplc.com,Legal,Brianfurt,LA,United States
Williams-Williamson,"USCGC Kirby, FPO AE 07223",681-273-7286x73594,https://williams-williamson.com,contact@williams-williamson.com,Technology,North Aprilland,VA,United States
Jenkins-Holmes,"24479 David Ports Apt. 229, Port Kimberlymouth, NJ 66972",5243052169,https://jenkins-holmes.com,contact@jenkins-holmes.com,Legal,Jamesfort,NV,United States
"Jones, Galvan and Lee","56830 Cooper Square, Lindabury, SC 48692",(957)156-2399x15108,https://jonesgalvanandlee.com,contact@jonesgalvanandlee.com,Manufacturing,Alexanderport,MO,United States
"Johnson, Diaz and Watts","70320 Carla Manors Apt. 256, Fosterfort, NY 13780",(323)854-9283x934,https://johnsondiazandwatts.com,contact@johnsondiazandwatts.com,Consulting,Shirleychester,NH,United States
"Frazier, Hobbs and Anderson","PSC 2338, Box 9761, APO AP 04109",029-689-9756x88441,https://frazierhobbsandanderson.com,contact@frazierhobbsandanderson.com,Consulting,Port Victoriabury,IL,United States
Jones-Vincent,"8593 Anderson Meadows, Kiarafurt, IN 08437",932-468-3423,https://jones-vincent.com,contact@jones-vincent.com,Legal,Port Robert,OK,United States
Young and Sons,"65074 Deborah Dam, Andrewborough, CO 30832",827.584.9962,https://youngandsons.com,contact@youngandsons.com,Healthcare,Port Debbieside,KY,United States
Blackwell-Lewis,"1787 Thomas River Suite 811, North Ashleymouth, VA 18298",857.120.0908x306,https://blackwell-lewis.com,contact@blackwell-lewis.com,Technology,Nguyenshire,CO,United States
Evans-Davidson,"6039 Reeves Inlet, West Amanda, WV 10444",+1-300-197-4022x2691,https://evans-davidson.com,contact@evans-davidson.com,Energy,Townsendstad,OK,United States
"Mann, Ramirez and Williams","9787 Wolf Row, Kevinburgh, CT 14556",(229)695-0654x95700,https://mannramirezandwilliams.com,contact@mannramirezandwilliams.com,Retail,Alexanderland,LA,United States
King-Coleman,"2282 Torres Crest Suite 739, Lake Ronald, DE 56162",001-074-899-9093x652,https://king-coleman.com,contact@king-coleman.com,Agriculture,Jacobton,OK,United States
"Holt, Rodriguez and Steele","50249 Lane Field, Katherineburgh, MA 18440",9300101721,https://holtrodriguezandsteele.com,contact@holtrodriguezandsteele.com,Construction,Woodhaven,LA,United States
Roberson Group,"653 Patricia Springs, Michaelchester, WI 83554",814-601-7522x963,https://robersongroup.com,contact@robersongroup.com,Manufacturing,Lake Tiffanyside,WV,United States
"Kane, Flores and Young","073 Steven Lakes, Medinaton, MS 52695",897.455.9325,https://kanefloresandyoung.com,contact@kanefloresandyoung.com,Retail,Lawrencefurt,SD,United States
Berger-Cox,"567 Megan Union, Reneemouth, UT 23451",892-096-7754x10742,https://berger-cox.com,contact@berger-cox.com,Manufacturing,North Marissa,NJ,United States
Bailey-Yang,"USNV Woodward, FPO AA 61353",+1-222-278-5883x228,https://bailey-yang.com,contact@bailey-yang.com,Marketing,Lake Kendraville,KS,United States
"Morris, Allen and Smith","2034 Boone Hill, Jamesview, GA 89609",001-533-238-5740x087,https://morrisallenandsmith.com,contact@morrisallenandsmith.com,Education,East Daniellemouth,IA,United States
"Cook, Kelly and Mills","09492 Murray Unions Suite 144, Johnshire, HI 83597",414.371.6436x640,https://cookkellyandmills.com,contact@cookkellyandmills.com,Agriculture,Lawsonchester,DE,United States
Crawford-Shields,"4845 Mueller Forest, Henryborough, IN 62268",(970)845-1432x7454,https://crawford-shields.com,contact@crawford-shields.com,Marketing,Allenport,KS,United States
Baker-Ingram,"0105 Shawn Forges, Ritterbury, NJ 72422",887-520-6651,https://baker-ingram.com,contact@baker-ingram.com,Energy,Acevedoton,SC,United States
"Kramer, Dominguez and Shah","153 Laura Manor Apt. 413, Joeborough, MO 70280",414.495.5490,https://kramerdominguezandshah.com,contact@kramerdominguezandshah.com,Consulting,Allenberg,IN,United States
"Hunter, Rodriguez and Gardner","266 Luis Ridges, Port Jonathan, MT 81618",(289)336-3627x98080,https://hunterrodriguezandgardner.com,contact@hunterrodriguezandgardner.com,Agriculture,North Jasonfurt,OR,United States
Nguyen-Miller,"5357 Hurst Mall, Ericbury, MN 56864",(074)766-9697,https://nguyen-miller.com,contact@nguyen-miller.com,Real Estate,Port Charlene,IL,United States
Nelson Group,"Unit 8250 Box 5930, DPO AA 61366",473-600-4955,https://nelsongroup.com,contact@nelsongroup.com,Finance,Anthonyberg,WI,United States
Rhodes-Norman,"6889 Marshall Villages, Samuelchester, NV 60437",(372)916-7029,https://rhodes-norman.com,contact@rhodes-norman.com,Finance,West Timothyton,CA,United States
"Mueller, Vega and Perez","63163 Palmer Drive, Hardytown, IA 69435",(413)492-4018x044,https://muellervegaandperez.com,contact@muellervegaandperez.com,Finance,Ortizbury,LA,United States
Anderson-Clarke,"99915 Brown Pine Suite 182, Paulhaven, NJ 02548",954-838-3544,https://anderson-clarke.com,contact@anderson-clarke.com,Hospitality,Graveshaven,PA,United States
"Anderson, Johnson and Blanchard","57737 Lynn Meadows Suite 532, West Brianbury, FL 96524",133-408-1820x8566,https://andersonjohnsonandblanchard.com,contact@andersonjohnsonandblanchard.com,Healthcare,New Michaelbury,AL,United States
Schneider-Fisher,"68396 Johnson Neck, Kirbyfort, ND 44505",+1-300-877-5575x9931,https://schneider-fisher.com,contact@schneider-fisher.com,Energy,East Brian,NE,United States
"Garza, Thompson and Graham","7630 Michael Trail, East Benjamin, KS 32215",520.725.7613x76461,https://garzathompsonandgraham.com,contact@garzathompsonandgraham.com,Transportation,Stewartbury,ND,United States
"Melton, Wolfe and Reynolds","709 Paul Canyon Suite 350, Eileenberg, MN 44868",302.826.2573x02056,https://meltonwolfeandreynolds.com,contact@meltonwolfeandreynolds.com,Energy,Alvarezville,NC,United States
Brown Ltd,"9906 Mills Coves Suite 187, Robertsonhaven, DE 32396",(937)480-3336x2074,https://brownltd.com,contact@brownltd.com,Manufacturing,West Joannatown,CA,United States
"Miller, Mcbride and Weaver","85610 Smith Port Suite 721, Frankmouth, NH 53229",492.312.2507,https://millermcbrideandweaver.com,contact@millermcbrideandweaver.com,Transportation,Port Jonathan,NM,United States
"Mejia, Smith and Hoffman","7495 Taylor Lane Apt. 127, Perryhaven, UT 58020",(998)317-2515x36213,https://mejiasmithandhoffman.com,contact@mejiasmithandhoffman.com,Energy,Michaelside,NJ,United States
Myers LLC,"28642 Kyle Forks Apt. 762, Richardsonchester, AR 88677",8100775451,https://myersllc.com,contact@myersllc.com,Transportation,Sarahaven,SD,United States
"Rodriguez, Gonzalez and Flores","Unit 0030 Box 9900, DPO AA 42263",006.258.3805x703,https://rodriguezgonzalezandflores.com,contact@rodriguezgonzalezandflores.com,Agriculture,East Ashleyside,CA,United States
Noble PLC,"2152 Mary Point Apt. 989, South Scottborough, FL 29574",743.275.3897,https://nobleplc.com,contact@nobleplc.com,Transportation,North Lynnstad,MO,United States
Mora-Acosta,"68212 Davis Lights, South Zachary, NM 05146",001-854-081-1002x55845,https://mora-acosta.com,contact@mora-acosta.com,Consulting,Pamelafurt,MI,United States
Garner and Sons,"6549 Kyle Ridge, Port Jose, SC 44890",+1-370-671-7713x7459,https://garnerandsons.com,contact@garnerandsons.com,Real Estate,West Jamieview,AZ,United States
"Dunn, Baker and Howard","66280 Jeremy Lane Suite 546, Janetmouth, RI 42408",+1-435-694-2268x60391,https://dunnbakerandhoward.com,contact@dunnbakerandhoward.com,Energy,Petersport,AZ,United States
"Sampson, Allen and Patterson","554 Olivia Mount, New Williamburgh, GA 80828",559.063.3419x8196,https://sampsonallenandpatterson.com,contact@sampsonallenandpatterson.com,Agriculture,Austinmouth,UT,United States
Fox-Le,"283 Michael Mountains, Kennethbury, IA 44474",(270)596-8073x44795,https://fox-le.com,contact@fox-le.com,Hospitality,Annebury,LA,United States
Bailey-Martin,"997 Curtis Burgs, Port Ericborough, MI 99289",(675)974-2143x728,https://bailey-martin.com,contact@bailey-martin.com,Healthcare,Joycetown,ID,United States
Suarez Inc,"00836 Benjamin Way, Lake Valerie, PA 10896",933-514-1715x7003,https://suarezinc.com,contact@suarezinc.com,Finance,Tonyaside,FL,United States
"Coleman, Williams and Miller","263 Johnson Walks, New Richard, ME 90794",(579)713-6514,https://colemanwilliamsandmiller.com,contact@colemanwilliamsandmiller.com,Consulting,New Micheleburgh,CA,United States
Harris Ltd,"7753 Ramirez Road Suite 107, West Kristen, IA 97985",839.993.2415,https://harrisltd.com,contact@harrisltd.com,Real Estate,Port Dustin,MS,United States
Giles Inc,"8040 Cooper Rapid, Donnaland, NE 70823",909-553-7725,https://gilesinc.com,contact@gilesinc.com,Legal,Joannchester,SC,United States
"Hall, Harris and Johns","366 Small Bypass Apt. 080, Keithmouth, UT 57770",+1-224-980-9969x1337,https://hallharrisandjohns.com,contact@hallharrisandjohns.com,Real Estate,Walkertown,VA,United States
Fowler Group,"76729 Morrison Lights, Martinezchester, OR 80131",224.151.8118x899,https://fowlergroup.com,contact@fowlergroup.com,Transportation,Nicolehaven,AR,United States
Riley-Snyder,"6196 Michael Roads Apt. 504, North Connor, AR 02532",+1-546-848-1100x17308,https://riley-snyder.com,contact@riley-snyder.com,Construction,Alanfort,IL,United States
Burns-Taylor,"53804 Scott Crescent Suite 276, South Denise, KY 81312",636.869.4651,https://burns-taylor.com,contact@burns-taylor.com,Transportation,Alishabury,DE,United States
"Carr, Meyer and Maldonado","596 Julie Via, North Candice, OH 89077",311-588-1108x5482,https://carrmeyerandmaldonado.com,contact@carrmeyerandmaldonado.com,Real Estate,Liuport,GA,United States
Padilla-Fischer,"06763 Bernard Shore Apt. 941, Campbelltown, GA 15368",001-932-000-5779x27222,https://padilla-fischer.com,contact@padilla-fischer.com,Technology,Johnland,CT,United States
"Harris, Parker and Soto","Unit 8483 Box 3442, DPO AE 39503",901.374.5876,https://harrisparkerandsoto.com,contact@harrisparkerandsoto.com,Real Estate,West Krista,NE,United States
Thompson Inc,"140 Glenn Place, Lake Cynthia, IL 77035",+1-413-058-9652x57844,https://thompsoninc.com,contact@thompsoninc.com,Energy,South Ginaburgh,TN,United States
"Boyd, Lozano and Herrera","812 Kevin Prairie Apt. 952, North Jacob, IA 95892",935-280-0132,https://boydlozanoandherrera.com,contact@boydlozanoandherrera.com,Agriculture,Thomasstad,CO,United States
"Page, Anderson and Sanchez","3847 Reynolds Stravenue, North Kelseyberg, OH 31315",001-583-165-6245,https://pageandersonandsanchez.com,contact@pageandersonandsanchez.com,Energy,Robertoburgh,CT,United States
Moon-Simon,"30829 Mitchell Cliff Suite 251, West Richard, MN 03939",+1-610-174-4630,https://moon-simon.com,contact@moon-simon.com,Marketing,Mcdonaldville,OH,United States
Bradshaw and Sons,"3774 Kristen Crest, East Autumn, MO 59804",001-541-376-2108x91764,https://bradshawandsons.com,contact@bradshawandsons.com,Real Estate,Lake Renee,PA,United States
Anderson-Sanchez,"07927 Wise Inlet Suite 757, Andreton, MA 67607",656-799-7219,https://anderson-sanchez.com,contact@anderson-sanchez.com,Transportation,New Christopher,CT,United States
Fisher Inc,"7745 Emily Place Apt. 064, South Williamstad, NJ 01903",9068680366,https://fisherinc.com,contact@fisherinc.com,Finance,Eugeneside,PA,United States
"Campbell, Martin and Miller","5826 Gabriel Greens, Lake Vickiemouth, OH 11690",355-307-7462,https://campbellmartinandmiller.com,contact@campbellmartinandmiller.com,Construction,Frankport,MA,United States
Perkins-Chavez,"350 Oscar Hills Suite 826, East Brittanyborough, WY 46901",+1-575-194-9900x22110,https://perkins-chavez.com,contact@perkins-chavez.com,Consulting,New Emilyshire,HI,United States
"Mcmillan, Walters and Smith","819 Dalton Mission Suite 175, Donnashire, MA 86244",812-438-1501,https://mcmillanwaltersandsmith.com,contact@mcmillanwaltersandsmith.com,Consulting,Crystaltown,MO,United States
"Thompson, Franco and Simpson","7877 Singleton Manors, Port Kevinmouth, AK 87392",001-471-888-4927x80647,https://thompsonfrancoandsimpson.com,contact@thompsonfrancoandsimpson.com,Agriculture,West Christopherchester,OH,United States
"Keller, Moore and Mendoza","1697 Ashley Route Suite 557, Stephanieton, MS 82444",001-210-077-1784x4008,https://kellermooreandmendoza.com,contact@kellermooreandmendoza.com,Legal,Lloydborough,MT,United States
Mcmillan LLC,"98532 Janice Divide, East Dakotaport, NJ 74277",(744)819-7952,https://mcmillanllc.com,contact@mcmillanllc.com,Finance,South Gabrielle,NC,United States
Ramos Inc,"4010 Christopher Greens, Boyershire, IA 34829",(400)978-4888x14112,https://ramosinc.com,contact@ramosinc.com,Transportation,West Megantown,NJ,United States
Jackson and Sons,"9046 Kyle Ways, Margaretchester, NM 22239",738-596-2506,https://jacksonandsons.com,contact@jacksonandsons.com,Finance,West Patrick,VA,United States
Romero-Taylor,"658 Black Haven, Harveybury, IA 14229",439.495.9147,https://romero-taylor.com,contact@romero-taylor.com,Consulting,New Kathleenhaven,TX,United States
Baker Inc,"Unit 1405 Box 0374, DPO AP 59162",001-362-124-9563x616,https://bakerinc.com,contact@bakerinc.com,Technology,Port Barbarachester,UT,United States
Rogers-Nolan,"99271 Kimberly Springs Suite 189, Amandastad, PA 45083",(146)100-8444x3728,https://rogers-nolan.com,contact@rogers-nolan.com,Real Estate,West Stevenport,DC,United States
"Rice, Castaneda and Mccarthy","3382 Kari Avenue, Samanthashire, AK 01012",664.769.4138x9955,https://ricecastanedaandmccarthy.com,contact@ricecastanedaandmccarthy.com,Marketing,Lake Andrealand,VA,United States
"Holt, Davis and Sanchez","426 Alicia Haven Apt. 684, Jackville, AZ 25885",001-494-136-6513x419,https://holtdavisandsanchez.com,contact@holtdavisandsanchez.com,Real Estate,North Amyland,IA,United States
Carter LLC,"99391 Taylor Rapids Suite 931, Robertfurt, CO 68944",110-391-7037,https://carterllc.com,contact@carterllc.com,Manufacturing,West Sarah,NM,United States
Patel-Lucas,"94732 Katherine Locks Suite 243, Lake Jamesfurt, DC 96478",001-250-724-5789,https://patel-lucas.com,contact@patel-lucas.com,Agriculture,West Jeffrey,NV,United States
Reyes-Russell,"82750 Jarvis Valleys, Burnsstad, RI 24182",001-150-559-5228x07041,https://reyes-russell.com,contact@reyes-russell.com,Finance,Morganside,WI,United States
"Ryan, Walker and Shields","71727 Wagner Walks Suite 461, Taylorland, ND 07669",(242)068-5102,https://ryanwalkerandshields.com,contact@ryanwalkerandshields.com,Consulting,Castilloport,RI,United States
Cox LLC,"276 Shah Oval Apt. 616, Caseybury, PA 28758",6279795929,https://coxllc.com,contact@coxllc.com,Energy,Burgessshire,MS,United States
"Espinoza, Diaz and Wade","3458 Nixon Common, Port Kylefurt, MS 40475",158.663.9669,https://espinozadiazandwade.com,contact@espinozadiazandwade.com,Hospitality,Port Curtis,SD,United States
Hawkins LLC,"3807 Eaton Ridges, Cathybury, HI 19515",982-869-7579x1918,https://hawkinsllc.com,contact@hawkinsllc.com,Finance,Karenhaven,AR,United States
Johnson PLC,"USNV Brady, FPO AE 46821",101-864-6375,https://johnsonplc.com,contact@johnsonplc.com,Real Estate,New Susanfort,KS,United States
Adams and Sons,"43192 Lee Station, Benjaminstad, RI 59856",233.048.5962x6207,https://adamsandsons.com,contact@adamsandsons.com,Technology,South Heidishire,NJ,United States
Henderson Ltd,"8825 Kevin Knolls Apt. 243, Leahstad, TN 69797",(873)304-2187,https://hendersonltd.com,contact@hendersonltd.com,Marketing,Lake Williambury,VA,United States
"Newman, Mckenzie and Moody","2883 Kimberly Glen Apt. 309, East Sheri, NC 50156",572.806.2889,https://newmanmckenzieandmoody.com,contact@newmanmckenzieandmoody.com,Retail,Stevenland,FL,United States
"Perez, Krause and Rodriguez","1900 Higgins Rapid Apt. 134, North Kathleen, NM 13623",001-747-622-7425,https://perezkrauseandrodriguez.com,contact@perezkrauseandrodriguez.com,Marketing,Kimberlyville,AK,United States
Swanson LLC,"54210 Morgan Route, Michaeltown, LA 98460",001-021-925-8865x145,https://swansonllc.com,contact@swansonllc.com,Legal,West Brian,GA,United States
Anderson Group,"41101 Haney Crossing, Kristinburgh, MI 85299",+1-842-790-5604x230,https://andersongroup.com,contact@andersongroup.com,Technology,Katherinemouth,WY,United States
"Cortez, Howard and Mcdonald","1745 Mendoza Terrace Apt. 145, South Jeffreyland, OR 38139",012-143-4542x854,https://cortezhowardandmcdonald.com,contact@cortezhowardandmcdonald.com,Agriculture,New Jeffrey,AR,United States
Smith Inc,"40809 Michael Ferry Apt. 135, Lake Travismouth, DE 91033",+1-105-147-3582x2023,https://smithinc.com,contact@smithinc.com,Retail,Port Meaganville,OH,United States
"Coleman, Larson and Friedman","52774 Herring Isle, Juliastad, RI 21104",+1-800-543-5127x1180,https://colemanlarsonandfriedman.com,contact@colemanlarsonandfriedman.com,Legal,Johnsonburgh,VA,United States
Pratt Inc,"673 Lisa Ranch Suite 209, Annamouth, VT 04183",3637038709,https://prattinc.com,contact@prattinc.com,Agriculture,West Lisashire,MA,United States
Jimenez-Vasquez,"191 Elizabeth Crest, Jenniferport, MT 54376",216.920.0183x875,https://jimenez-vasquez.com,contact@jimenez-vasquez.com,Legal,Travisburgh,MA,United States
Smith and Sons,"3833 Molly Lodge, Feliciaberg, IA 78659",426.829.9072x825,https://smithandsons.com,contact@smithandsons.com,Real Estate,East Eric,HI,United States
Simmons Ltd,"829 Kim Wells Suite 376, North Erica, NY 44429",(702)326-9018,https://simmonsltd.com,contact@simmonsltd.com,Real Estate,Perezview,DC,United States
Cross and Sons,"3037 Scott Crest Suite 707, Andradeside, AR 10211",001-099-721-4889x54455,https://crossandsons.com,contact@crossandsons.com,Manufacturing,Laurieview,OH,United States
Rodgers-Mann,"28084 Robert Isle, Zacharyburgh, LA 03858",+1-404-910-0680x5244,https://rodgers-mann.com,contact@rodgers-mann.com,Finance,Lake Justinfort,FL,United States
Nguyen and Sons,"4061 Melissa Trail Suite 408, Mooreport, MT 55206",(332)056-2964x8201,https://nguyenandsons.com,contact@nguyenandsons.com,Real Estate,New Andrew,NV,United States
Petersen-Miller,"PSC 4997, Box 1452, APO AP 09149",+1-228-899-3883x5320,https://petersen-miller.com,contact@petersen-miller.com,Education,Lake Jennifer,MS,United States
Rubio Ltd,"33822 Phillips Causeway Apt. 959, New Alexandriabury, AZ 45921",8666796329,https://rubioltd.com,contact@rubioltd.com,Technology,New Elizabethtown,CA,United States
"Tyler, Price and May","7522 Adrian Underpass, Curtisberg, CO 79818",(563)245-9699x63627,https://tylerpriceandmay.com,contact@tylerpriceandmay.com,Agriculture,Mauriceborough,KY,United States
"Richard, Montgomery and Baker","7905 Cannon Pine Suite 806, Westville, IA 90393",+1-791-922-5534x68064,https://richardmontgomeryandbaker.com,contact@richardmontgomeryandbaker.com,Education,West Jennifer,WI,United States
"Thompson, Arias and Mendoza","9360 Campbell Squares, Geraldborough, TX 34777",001-881-234-0224x5083,https://thompsonariasandmendoza.com,contact@thompsonariasandmendoza.com,Transportation,Parkerfort,ND,United States
Lee PLC,"0112 Wood Pines, East Jessicashire, OH 40966",916.289.3200,https://leeplc.com,contact@leeplc.com,Retail,North Zacharyfort,LA,United States
Black-Ramirez,"478 Daniel Lane, South Andrewmouth, WI 79550",(250)006-8728,https://black-ramirez.com,contact@black-ramirez.com,Marketing,South Melissaside,NJ,United States
"Collins, Durham and Murphy","880 Bailey Trafficway, Franciscofurt, SD 83605",856-962-1387x89473,https://collinsdurhamandmurphy.com,contact@collinsdurhamandmurphy.com,Technology,North Kristinahaven,MD,United States
"Davis, Curtis and Morris","9889 Ray Parkway, New Stephanie, AK 51162",538-315-4477x847,https://daviscurtisandmorris.com,contact@daviscurtisandmorris.com,Healthcare,Ericside,NH,United States
Martinez-Sandoval,"2415 Rose Radial Suite 835, Monicahaven, KY 33059",+1-310-262-9844x036,https://martinez-sandoval.com,contact@martinez-sandoval.com,Education,Saunderschester,AL,United States
Cisneros Ltd,"52270 Thomas Streets Suite 139, Johnville, MA 78842",995-444-3837,https://cisnerosltd.com,contact@cisnerosltd.com,Construction,Codyview,VT,United States
"Harrison, Chavez and Wolfe","PSC 5249, Box 9987, APO AP 48619",001-684-836-2291x249,https://harrisonchavezandwolfe.com,contact@harrisonchavezandwolfe.com,Education,Clarkstad,TN,United States
Thomas Inc,"916 John Courts, East Jill, OK 06860",838.068.3248,https://thomasinc.com,contact@thomasinc.com,Marketing,South Tammy,IL,United States
Patton and Sons,"471 Ray Orchard, Brownville, NM 47619",(253)656-1213x2867,https://pattonandsons.com,contact@pattonandsons.com,Energy,Davisborough,WY,United States
Osborne PLC,"6327 Barbara Square, North Angel, ND 95191",889-315-9844x8806,https://osborneplc.com,contact@osborneplc.com,Energy,South Michaelmouth,IA,United States
Berry-Byrd,"Unit 5629 Box 3543, DPO AA 70750",(792)570-0021,https://berry-byrd.com,contact@berry-byrd.com,Finance,East Adamchester,NE,United States
"Anderson, Silva and Shaw","212 Ballard Meadows, South Ronaldview, ME 74704",+1-946-695-1799x2939,https://andersonsilvaandshaw.com,contact@andersonsilvaandshaw.com,Technology,Port Evan,ME,United States
Johnson Ltd,"4862 Harding Crest, North Benjaminville, MN 01900",111.787.6430x09509,https://johnsonltd.com,contact@johnsonltd.com,Construction,Lake Madison,ME,United States
Morrison Group,"8640 Jones Pike, Lake Bailey, SC 62945",+1-180-122-3259,https://morrisongroup.com,contact@morrisongroup.com,Real Estate,Lake Scott,OR,United States
"Rice, Myers and Barnes","8795 Patrick Heights, Jacobview, MO 39599",(305)002-6791,https://ricemyersandbarnes.com,contact@ricemyersandbarnes.com,Energy,Jacobfurt,KY,United States
"Patterson, Salazar and Clark","34221 Tracy Divide, Robertsmouth, CA 66908",(274)687-8095,https://pattersonsalazarandclark.com,contact@pattersonsalazarandclark.com,Construction,West Kristina,OH,United States
Miller and Sons,"PSC 9250, Box 8063, APO AE 29237",(149)485-7353x61421,https://millerandsons.com,contact@millerandsons.com,Legal,Parkerport,KY,United States
Owens-Hansen,"854 Hamilton Canyon, South Angelaview, OK 11703",+1-879-836-2134x7420,https://owens-hansen.com,contact@owens-hansen.com,Retail,Maryshire,WI,United States
Cruz and Sons,"Unit 7381 Box 9413, DPO AA 57530",910-183-0516x8746,https://cruzandsons.com,contact@cruzandsons.com,Energy,Smithhaven,WA,United States
"Diaz, Whitney and Arnold","233 Mark Gardens Apt. 585, Chavezside, DE 32366",179.683.3877x43963,https://diazwhitneyandarnold.com,contact@diazwhitneyandarnold.com,Technology,North Davidton,NE,United States
"Johnson, Jones and Wheeler","97631 Ryan Isle Apt. 638, Lake Susan, NM 44886",(091)580-0506,https://johnsonjonesandwheeler.com,contact@johnsonjonesandwheeler.com,Technology,West Katelynview,WY,United States
"Payne, Clark and Mitchell","240 Washington Mission Apt. 960, Lake Susan, RI 50663",(135)449-8773,https://payneclarkandmitchell.com,contact@payneclarkandmitchell.com,Education,Bernardmouth,NM,United States
Brooks-Henderson,"2538 Allison Centers, Cherylberg, WI 83396",(347)481-7447x8578,https://brooks-henderson.com,contact@brooks-henderson.com,Marketing,Tylerfort,NV,United States
"Jones, Obrien and English","855 Justin Underpass Apt. 961, Phillipsfort, WA 90867",8494897883,https://jonesobrienandenglish.com,contact@jonesobrienandenglish.com,Consulting,New Lauraview,UT,United States
Johnson PLC,"418 Ortiz Center Apt. 219, Liborough, KS 43692",+1-868-913-8621x3392,https://johnsonplc.com,contact@johnsonplc.com,Real Estate,Kimberlyburgh,NE,United States
"Stewart, Thompson and Smith","376 Steve Road, Alexanderfurt, OR 92743",016.314.7307x082,https://stewartthompsonandsmith.com,contact@stewartthompsonandsmith.com,Retail,Smithfurt,KY,United States
"Gonzales, Holloway and Todd","2922 Washington Flat, Davidtown, HI 63313",(750)408-6752x1135,https://gonzaleshollowayandtodd.com,contact@gonzaleshollowayandtodd.com,Retail,Lake Andrea,DC,United States
"Peck, Roberts and Henry","PSC 5773, Box 4032, APO AA 46839",001-867-958-1222x51254,https://peckrobertsandhenry.com,contact@peckrobertsandhenry.com,Education,Lutzstad,UT,United States
Lewis and Sons,"USS Marshall, FPO AA 68241",1722697017,https://lewisandsons.com,contact@lewisandsons.com,Healthcare,East Brandonmouth,WV,United States
Snow LLC,"9840 Michael Loop, New Kendraberg, OR 10900",362.100.8181x170,https://snowllc.com,contact@snowllc.com,Agriculture,Nataliechester,AL,United States
Reid-Vaughan,"3475 Dawn Burg Apt. 722, East Latoyamouth, WA 59467",001-391-522-2685,https://reid-vaughan.com,contact@reid-vaughan.com,Transportation,Juliafurt,NV,United States
Hughes Ltd,"66275 Lori Ramp Apt. 312, Acostabury, AR 42495",(492)404-1835x02224,https://hughesltd.com,contact@hughesltd.com,Finance,Lake Anthonyshire,NE,United States
"Harris, Barnes and Prince","38653 Johnson Via Suite 934, Rodriguezchester, WI 69528",(494)274-7475x7753,https://harrisbarnesandprince.com,contact@harrisbarnesandprince.com,Agriculture,Nicholasfort,TN,United States
"Alexander, Ball and Hogan","722 Gary Islands, Jamesshire, NE 27189",+1-985-676-8054x19155,https://alexanderballandhogan.com,contact@alexanderballandhogan.com,Legal,Tanyachester,MA,United States
Armstrong-Terry,"349 Corey Courts, Natalieville, ME 31728",(834)476-4532x0776,https://armstrong-terry.com,contact@armstrong-terry.com,Transportation,Port Chadburgh,CT,United States
Reed-Moore,"90295 Jennifer Lake Suite 958, Kevinborough, DC 65128",449.773.7243x9525,https://reed-moore.com,contact@reed-moore.com,Finance,Lake Troy,TX,United States
Williams-Terry,"381 Barton Ferry, South Timothy, KY 10732",017-331-4258,https://williams-terry.com,contact@williams-terry.com,Healthcare,Kevinside,NY,United States
Romero-Reed,"098 Christopher Common Apt. 608, East Debbieton, NC 09426",(167)092-3800x54203,https://romero-reed.com,contact@romero-reed.com,Construction,Thomasshire,MD,United States
Sanders-Arnold,"749 Carly Hills Apt. 054, East Robin, MO 18668",(835)750-7388,https://sanders-arnold.com,contact@sanders-arnold.com,Healthcare,Perezburgh,ID,United States
Floyd-Lewis,"1761 Berger Underpass, Gonzalezton, AK 58818",(780)302-7504,https://floyd-lewis.com,contact@floyd-lewis.com,Retail,Lake Scottburgh,MA,United States
Lee Group,"199 Linda Plain Apt. 283, North Alyssa, AK 02545",223.147.3721,https://leegroup.com,contact@leegroup.com,Real Estate,East Jeffrey,OK,United States
"Ramsey, Wright and Hughes","703 Morgan Springs Apt. 884, Jackburgh, ND 63080",570-530-5063,https://ramseywrightandhughes.com,contact@ramseywrightandhughes.com,Consulting,Whiteberg,AL,United States
Fisher Group,"90380 Joshua Corner, East Peterfort, IL 62657",953.937.0218x36546,https://fishergroup.com,contact@fishergroup.com,Agriculture,Anthonyside,GA,United States
Short Ltd,"PSC 4152, Box 9848, APO AP 41275",(586)554-3553x725,https://shortltd.com,contact@shortltd.com,Legal,Lake Michael,WI,United States
"Levine, Holmes and Wilson","4614 Cross Green, New Crystal, LA 04185",001-941-187-1834x2211,https://levineholmesandwilson.com,contact@levineholmesandwilson.com,Technology,North Seth,LA,United States
Choi-Johnson,"379 Webb Court, Port Austinview, WI 08957",352-985-7600x5799,https://choi-johnson.com,contact@choi-johnson.com,Technology,New Lisaborough,TN,United States
Robertson and Sons,"81784 Ronald Brook, Port Eddie, OK 87999",(756)262-7529,https://robertsonandsons.com,contact@robertsonandsons.com,Construction,Clayville,ND,United States
Lopez-Melendez,"PSC 1141, Box 3409, APO AE 01293",001-521-194-9614x73900,https://lopez-melendez.com,contact@lopez-melendez.com,Agriculture,North Judith,PA,United States
"Ellis, Davis and Hardy","1052 Tiffany Forges, Jenkinsshire, NV 99485",898-709-6968x11286,https://ellisdavisandhardy.com,contact@ellisdavisandhardy.com,Technology,Kerryburgh,CT,United States
Hernandez and Sons,"2594 Chambers Trail Apt. 862, Grantchester, MT 35540",108.128.0004x18340,https://hernandezandsons.com,contact@hernandezandsons.com,Real Estate,New Johnfurt,OR,United States
Mcknight-Webb,"Unit 8994 Box 6664, DPO AE 19277",040.855.6077x565,https://mcknight-webb.com,contact@mcknight-webb.com,Healthcare,Amystad,IL,United States
Escobar Inc,"841 Blair Streets Apt. 734, East Kimberly, IL 72593",(466)866-4078x476,https://escobarinc.com,contact@escobarinc.com,Marketing,Craigland,WV,United States
Miller LLC,"8306 Lopez Springs, East Kennethfurt, OR 41230",(848)089-5835,https://millerllc.com,contact@millerllc.com,Transportation,Reginaldhaven,AR,United States
Smith and Sons,"4946 Fox Track Apt. 465, West Robin, AR 25310",834-197-7177x7770,https://smithandsons.com,contact@smithandsons.com,Transportation,West Stephenhaven,GA,United States
Johnson-Chaney,"74633 Regina Light, Port Jesus, DE 01575",001-186-877-3356x919,https://johnson-chaney.com,contact@johnson-chaney.com,Technology,East Danielle,OR,United States
Hale Inc,"523 Smith Ranch Apt. 337, Lake Christy, RI 32268",210.582.6400x39710,https://haleinc.com,contact@haleinc.com,Manufacturing,Griffithside,PA,United States
Carter Inc,"41838 Roberto Inlet Suite 471, Kellychester, TN 38977",001-898-803-6050,https://carterinc.com,contact@carterinc.com,Energy,Joycemouth,TX,United States
Williams and Sons,"30430 Mary Mission, Rogersmouth, AK 73505",(262)105-4979,https://williamsandsons.com,contact@williamsandsons.com,Legal,Ronaldview,VA,United States
Garcia Group,"50389 Michael Pine Apt. 064, East Jasontown, IL 28358",5582926864,https://garciagroup.com,contact@garciagroup.com,Agriculture,West Charleshaven,MT,United States
Brennan-Baker,"258 Cooper Extension, Toddstad, ID 64592",+1-699-149-5729x99979,https://brennan-baker.com,contact@brennan-baker.com,Real Estate,North Tinahaven,MI,United States
Garcia Group,"179 Holt Manors Apt. 599, Armstrongville, AL 92950",887.128.3851,https://garciagroup.com,contact@garciagroup.com,Hospitality,Millsshire,MS,United States
Chambers-Rowe,"35438 Gray Ridge Apt. 475, West Denise, KS 53499",+1-593-460-1082x0463,https://chambers-rowe.com,contact@chambers-rowe.com,Transportation,North Brenthaven,RI,United States
"Fisher, Hamilton and Crane","3802 Victoria Bridge, Adrienneside, TN 10553",080-967-9776,https://fisherhamiltonandcrane.com,contact@fisherhamiltonandcrane.com,Transportation,Port Pamela,ID,United States
Lee Inc,"74895 Robin Spring Suite 814, South Brandi, AZ 37207",120-172-8355,https://leeinc.com,contact@leeinc.com,Healthcare,Christopherbury,KY,United States
Coleman Inc,"1815 Rodney Extension Suite 145, Sherichester, WV 10993",(686)020-8993x52767,https://colemaninc.com,contact@colemaninc.com,Education,North Michelleside,WA,United States
"Calderon, Murphy and Gilbert","0428 Kimberly Neck Suite 164, Port Matthew, WV 17655",422-729-9350x5365,https://calderonmurphyandgilbert.com,contact@calderonmurphyandgilbert.com,Hospitality,Ericton,OK,United States
"Moon, Robinson and Stewart","491 Daniel Trail, North Patrick, WY 19444",(649)065-1072x475,https://moonrobinsonandstewart.com,contact@moonrobinsonandstewart.com,Finance,Lawsonside,MN,United States
Harris-Vasquez,"3758 Coleman Hollow, Taylorshire, ME 76909",3486814703,https://harris-vasquez.com,contact@harris-vasquez.com,Construction,Heatherborough,OK,United States
Erickson-Williams,"859 Heather Extensions Apt. 455, Mendozamouth, OR 71212",517.214.3789,https://erickson-williams.com,contact@erickson-williams.com,Education,South Cindy,KS,United States
Gonzalez Ltd,"57047 Howard Alley, Kevinmouth, TN 41952",001-057-791-6493x82568,https://gonzalezltd.com,contact@gonzalezltd.com,Marketing,West Catherine,OH,United States
"Ortiz, Moore and Newman","1384 Javier Path, North Christopher, MO 12649",001-291-906-4463x8582,https://ortizmooreandnewman.com,contact@ortizmooreandnewman.com,Legal,Michaelland,MT,United States
"Santos, Mccoy and Campbell","13325 Hill Knoll Suite 830, New Craig, VT 46849",+1-916-660-4261x766,https://santosmccoyandcampbell.com,contact@santosmccoyandcampbell.com,Manufacturing,Williamston,MA,United States
Clark Group,"PSC 1488, Box 5607, APO AP 23109",(253)448-2601,https://clarkgroup.com,contact@clarkgroup.com,Manufacturing,East Leslie,WY,United States
Galloway-Aguilar,"66082 Glenn Via Suite 921, Hollyview, ND 50135",(954)452-9251,https://galloway-aguilar.com,contact@galloway-aguilar.com,Transportation,North Kellyburgh,UT,United States
"Young, Pena and Dunn","09357 Jonathan Wall Apt. 749, New Justin, OH 38214",038-712-5751x1934,https://youngpenaanddunn.com,contact@youngpenaanddunn.com,Energy,Christinebury,SC,United States
"Martin, Moore and Lopez","456 Cheryl Fords Apt. 595, Albertville, WY 84095",059-546-3463x110,https://martinmooreandlopez.com,contact@martinmooreandlopez.com,Hospitality,Hughesview,AZ,United States
Miller-Lyons,"Unit 8340 Box 3989, DPO AP 09777",001-149-828-7925x73487,https://miller-lyons.com,contact@miller-lyons.com,Healthcare,East Tammyberg,AZ,United States
Moss LLC,"094 Glenn Locks, West Larry, LA 78737",+1-728-490-9564x0754,https://mossllc.com,contact@mossllc.com,Real Estate,Calderonborough,TX,United States
Moore-Estrada,"388 Beth Points Apt. 903, Port Christina, CA 51227",5304429435,https://moore-estrada.com,contact@moore-estrada.com,Legal,New Lisatown,MA,United States
"Crawford, Kim and Williams","53013 Kelly Walks Apt. 193, New Bethhaven, LA 41957",816.971.5359,https://crawfordkimandwilliams.com,contact@crawfordkimandwilliams.com,Technology,Port Anthony,NJ,United States
"Wade, Evans and Nelson","21824 Hart Divide, New Parker, MN 88226",981.146.1334,https://wadeevansandnelson.com,contact@wadeevansandnelson.com,Finance,Ingramberg,WA,United States
"Savage, Jimenez and Hardy","025 Ross Tunnel Apt. 752, Stephenside, GA 06836",6821634775,https://savagejimenezandhardy.com,contact@savagejimenezandhardy.com,Education,Jenniferport,IN,United States
Harris Inc,"7879 Jocelyn Hollow Apt. 192, Jackville, NH 71014",5054188137,https://harrisinc.com,contact@harrisinc.com,Education,Patrickhaven,MN,United States
Chavez-Dixon,"578 Kayla Ridge, West Nicholas, WY 01010",(082)780-5878,https://chavez-dixon.com,contact@chavez-dixon.com,Finance,South Tracy,SC,United States
Brown Group,"41643 Richard Freeway Apt. 447, North Heidi, CO 35512",817-547-3839x263,https://browngroup.com,contact@browngroup.com,Technology,Lake Patricia,ID,United States
Duncan Inc,"4362 Walters Key Apt. 799, New Michelle, OH 62190",753-863-5673,https://duncaninc.com,contact@duncaninc.com,Finance,Solisfort,AZ,United States
Randall-Smith,"7425 Catherine Trail Apt. 641, North Georgechester, GA 28218",(267)865-0095x386,https://randall-smith.com,contact@randall-smith.com,Finance,Vickiview,KS,United States
Miller Group,"59982 Jill Rapids, Cindystad, NH 70863",558.242.4760,https://millergroup.com,contact@millergroup.com,Agriculture,East Susan,WA,United States
Miranda and Sons,"982 Gomez Trail, North Connie, WA 49084",2397627861,https://mirandaandsons.com,contact@mirandaandsons.com,Transportation,Christensenborough,NC,United States
Short LLC,"5746 Ashley Pines, South Adrienne, OH 80219",(397)865-3579,https://shortllc.com,contact@shortllc.com,Consulting,Port Ashleefurt,DE,United States
Jones PLC,"375 Jodi Turnpike, Johnsonmouth, MI 40922",+1-355-273-3019,https://jonesplc.com,contact@jonesplc.com,Agriculture,Krystalland,DC,United States
"Smith, Mann and Martinez","198 Harrison Stravenue, North Danachester, IA 11065",001-101-830-4568x981,https://smithmannandmartinez.com,contact@smithmannandmartinez.com,Technology,Derekland,VT,United States
"Holder, Tucker and Gonzalez","Unit 6233 Box 7960, DPO AA 17642",877.823.0935x903,https://holdertuckerandgonzalez.com,contact@holdertuckerandgonzalez.com,Construction,Kathyfurt,TX,United States
"Alvarez, Chapman and York","132 James Loop, Loriland, FL 84612",(825)021-8551x240,https://alvarezchapmanandyork.com,contact@alvarezchapmanandyork.com,Construction,New Emilyshire,KY,United States
Powers and Sons,"4921 Christina Flats, Courtneyburgh, WA 56895",(664)060-9182,https://powersandsons.com,contact@powersandsons.com,Agriculture,Carrollstad,VT,United States
Griffin Group,"613 Zachary View Suite 605, West Melissa, WY 59244",457.113.0595,https://griffingroup.com,contact@griffingroup.com,Technology,Nicoleborough,MA,United States
Pena PLC,"95073 Moore Burgs, North Travis, IA 25807",001-427-982-2179,https://penaplc.com,contact@penaplc.com,Healthcare,East Dana,WI,United States
Davis-Sanders,"8208 Shelly Mews Suite 370, Lake Christine, MI 63412",+1-532-271-7318x51159,https://davis-sanders.com,contact@davis-sanders.com,Marketing,Caldwellview,ND,United States
Reeves-House,"7166 Michael Forge Apt. 396, East Michael, TN 42683",9140683356,https://reeves-house.com,contact@reeves-house.com,Transportation,Nguyenland,VT,United States
Hanna LLC,"37824 Emily Grove Suite 770, Laurenborough, ME 10569",489.517.9235x6752,https://hannallc.com,contact@hannallc.com,Healthcare,Shannonmouth,AR,United States
"Owens, Norton and Cox","9549 Rogers Rue Suite 359, Joshuaborough, IN 60542",+1-876-293-5392x570,https://owensnortonandcox.com,contact@owensnortonandcox.com,Agriculture,Lisachester,NY,United States
Lane-Robinson,"99069 Robin Pike Suite 459, Stevenbury, LA 26234",617.540.9496x4097,https://lane-robinson.com,contact@lane-robinson.com,Hospitality,Lake Sylvia,ID,United States
"Hall, Howard and Roberts","906 Cook Spring, West Mary, VA 78621",(499)006-5988,https://hallhowardandroberts.com,contact@hallhowardandroberts.com,Technology,Jeffmouth,CT,United States
Morgan and Sons,"105 Chad Shoal Suite 679, Stephanieville, WI 58448",001-465-854-7066x8175,https://morganandsons.com,contact@morganandsons.com,Agriculture,Owensview,MN,United States
Smith-Montoya,"3816 Coffey Valleys Suite 926, New Jessica, MO 21419",+1-602-317-2854x23513,https://smith-montoya.com,contact@smith-montoya.com,Technology,Ryanfort,NE,United States
Calhoun PLC,"3321 Vanessa Expressway, New Kyleport, DC 87423",639.857.3059x2472,https://calhounplc.com,contact@calhounplc.com,Agriculture,Woodsmouth,FL,United States
Rodriguez Ltd,"6980 Johnson Cliffs Suite 767, Williamsland, KS 22714",(408)040-5990,https://rodriguezltd.com,contact@rodriguezltd.com,Legal,Lake Kendra,LA,United States
Ray-Bell,"049 Daniel Parkway, Frazierbury, MT 65556",+1-067-228-6547,https://ray-bell.com,contact@ray-bell.com,Construction,Markberg,MO,United States
Sanchez and Sons,"203 Ramirez Island Apt. 795, Websterview, NJ 66035",504.210.8489x4392,https://sanchezandsons.com,contact@sanchezandsons.com,Real Estate,North Brian,DE,United States
Jones LLC,"3109 James Light Suite 335, Westland, AZ 90956",984-163-7373x942,https://jonesllc.com,contact@jonesllc.com,Agriculture,North April,CO,United States
Murphy Ltd,"9169 Lawrence Vista, Adamfurt, CT 59018",325-934-4261x32642,https://murphyltd.com,contact@murphyltd.com,Technology,Hallshire,OR,United States
Taylor-Davis,"30654 Liu Fort, Port Benjaminbury, LA 59573",516-042-8281,https://taylor-davis.com,contact@taylor-davis.com,Retail,West Mary,MN,United States
Downs and Sons,"968 Price Groves, Donnafurt, DE 62151",243.654.2685x775,https://downsandsons.com,contact@downsandsons.com,Education,Jamesfurt,WI,United States
Rios-Higgins,"948 Debra Rest Apt. 021, New Miguel, CT 77826",232.957.4507x5065,https://rios-higgins.com,contact@rios-higgins.com,Construction,New Sarah,ID,United States
Nguyen-Rogers,"646 Edward Court, Caldwellhaven, CA 83884",+1-915-106-0022x31049,https://nguyen-rogers.com,contact@nguyen-rogers.com,Hospitality,Emilyton,VA,United States
"Mccarthy, Byrd and Coleman","300 Fernandez Causeway Suite 323, Millerport, DE 75587",833-594-9365,https://mccarthybyrdandcoleman.com,contact@mccarthybyrdandcoleman.com,Healthcare,Matthewmouth,WV,United States
Herrera-Estrada,"42846 Allen Spring Suite 984, Vaughanmouth, MT 05765",(516)636-3890x3152,https://herrera-estrada.com,contact@herrera-estrada.com,Retail,Ellistown,GA,United States
Nichols-Hunter,"01559 Morgan Forest, Westport, OK 10863",543.285.8223,https://nichols-hunter.com,contact@nichols-hunter.com,Hospitality,South Jacob,SD,United States
"Cole, Mercer and Evans","446 Andrew Rue, Markport, NY 34618",(225)493-7658x1134,https://colemercerandevans.com,contact@colemercerandevans.com,Transportation,New Charlesville,IN,United States
Johnson-Ortiz,"PSC 3747, Box 9883, APO AE 70810",723-843-2932,https://johnson-ortiz.com,contact@johnson-ortiz.com,Hospitality,Lake Ritaborough,CA,United States
Mullen-Andrews,"64822 Flores Squares, Ryanfort, NV 99091",659-680-1544,https://mullen-andrews.com,contact@mullen-andrews.com,Transportation,Kimville,NC,United States
Paul PLC,"09212 Scott Club Suite 549, North Michellechester, IL 99162",(180)538-1467x6581,https://paulplc.com,contact@paulplc.com,Legal,East Alyssa,NJ,United States
Cunningham-Knox,"13243 Poole Glen Apt. 824, Ellenport, NY 94126",(652)256-5014,https://cunningham-knox.com,contact@cunningham-knox.com,Retail,West Michaeltown,MA,United States
Walker-Sims,"50741 Charles Drives, Longshire, TX 17806",242-062-4034x09347,https://walker-sims.com,contact@walker-sims.com,Hospitality,Lake Gabriel,PA,United States
Meyer Group,"96581 Robinson Pine, Debraton, NJ 82760",001-747-211-3623,https://meyergroup.com,contact@meyergroup.com,Agriculture,South Andrewshire,IL,United States
Smith PLC,"28116 Phillips Village, South Michaelland, IA 29455",220-617-8865x7416,https://smithplc.com,contact@smithplc.com,Agriculture,Lake Antoniochester,NM,United States
Nelson Group,"8072 Christopher View, South Kellyfort, VA 58225",001-014-790-2087,https://nelsongroup.com,contact@nelsongroup.com,Construction,Huberbury,MN,United States
Irwin-Pierce,"414 Gardner Circles Apt. 927, North Jenniferview, MA 73527",(966)556-9441,https://irwin-pierce.com,contact@irwin-pierce.com,Legal,Davidhaven,VA,United States
Vance-Case,"0465 Fuentes Estate, Millerhaven, PA 06818",217-446-3390x86087,https://vance-case.com,contact@vance-case.com,Retail,Jeremyhaven,ND,United States
Norton PLC,"5417 Mary Manor Apt. 797, Lake Marie, AZ 07143",+1-882-498-0396x338,https://nortonplc.com,contact@nortonplc.com,Agriculture,Rodgersview,IN,United States
"Anderson, Fox and Figueroa","69635 Ferguson Ridges, Harrismouth, FL 20804",846.854.7342x9951,https://andersonfoxandfigueroa.com,contact@andersonfoxandfigueroa.com,Real Estate,Phillipfort,OK,United States
"Berry, Rodriguez and Welch","83670 Simmons Creek, East Jeremyview, MS 56027",682-996-9320x911,https://berryrodriguezandwelch.com,contact@berryrodriguezandwelch.com,Education,Brandonville,IN,United States
"Wall, Holland and Grant","59232 Kyle Shore, Perezfort, WV 35316",645-717-6636,https://wallhollandandgrant.com,contact@wallhollandandgrant.com,Transportation,New Daisy,AK,United States
Rodriguez-Montoya,"Unit 7449 Box 1208, DPO AE 34525",626-527-9571,https://rodriguez-montoya.com,contact@rodriguez-montoya.com,Technology,West Roberto,GA,United States
"Davis, Andrews and Carter","310 Ramirez Green Apt. 745, Clarktown, ME 94515",(425)841-9383,https://davisandrewsandcarter.com,contact@davisandrewsandcarter.com,Manufacturing,Port Christopherfurt,MT,United States
Parker Ltd,"PSC 7307, Box 9678, APO AE 15358",(726)444-9209,https://parkerltd.com,contact@parkerltd.com,Hospitality,Sellersborough,GA,United States
Greene-Martinez,"9790 Ariel Union Apt. 877, Ericaport, MA 40595",354-349-8943x27861,https://greene-martinez.com,contact@greene-martinez.com,Construction,New Feliciaside,PA,United States
"Hampton, Scott and Melton","296 Roach Mews Suite 425, Port Kaitlynmouth, AK 19652",0161400258,https://hamptonscottandmelton.com,contact@hamptonscottandmelton.com,Agriculture,Port Aliciahaven,OK,United States
"Jones, Anderson and Obrien","666 Anna Trace Apt. 862, Rickybury, MA 34970",(920)080-6793x5814,https://jonesandersonandobrien.com,contact@jonesandersonandobrien.com,Real Estate,Juantown,WY,United States
Thomas Ltd,"6166 John Parkways, New Kayla, GA 93020",+1-331-303-9695x384,https://thomasltd.com,contact@thomasltd.com,Consulting,Meganstad,RI,United States
"May, Cooper and Gonzales","57670 Jessica Circle, Amandaside, ND 01251",769-298-4270x8766,https://maycooperandgonzales.com,contact@maycooperandgonzales.com,Agriculture,New Kristin,OK,United States
Castaneda Ltd,"883 Randall Route, East Stephenmouth, SD 39308",(963)004-3693x33502,https://castanedaltd.com,contact@castanedaltd.com,Legal,New Anna,SC,United States
Villa PLC,"8175 Antonio Avenue Suite 533, Lake Madisonhaven, WI 83050",957.918.8230x425,https://villaplc.com,contact@villaplc.com,Technology,Sandersside,OK,United States
Byrd Inc,"270 Pena Fords Suite 239, Dunlapview, IL 63634",450.766.7116x95698,https://byrdinc.com,contact@byrdinc.com,Construction,South Tyler,AR,United States
Turner Inc,"2812 Davis Ville Apt. 306, Kimberlymouth, CO 99784",+1-868-793-0407,https://turnerinc.com,contact@turnerinc.com,Agriculture,Mitchellton,NJ,United States
Williams Inc,"79552 Newton Path, Butlerburgh, NJ 76016",142.878.4247,https://williamsinc.com,contact@williamsinc.com,Finance,Langland,VT,United States
Hansen Group,"106 King Station, Holtburgh, RI 36057",613-173-1749,https://hansengroup.com,contact@hansengroup.com,Healthcare,Barrborough,WI,United States
"Bell, Hartman and Zavala","USS Daniels, FPO AE 27520",765.394.9997x498,https://bellhartmanandzavala.com,contact@bellhartmanandzavala.com,Healthcare,North Nathantown,AR,United States
Wilson LLC,"36324 Timothy Underpass Apt. 198, Lake Mistytown, WV 54436",288-601-0996x22327,https://wilsonllc.com,contact@wilsonllc.com,Marketing,North Jamesmouth,UT,United States
"Contreras, Johnson and Wood","11762 Brooks Camp Apt. 839, West Stacy, VT 08393",831-543-0330x29035,https://contrerasjohnsonandwood.com,contact@contrerasjohnsonandwood.com,Manufacturing,Pageland,WI,United States
Barron Inc,"USNS Allen, FPO AA 47106",180-750-9024x936,https://barroninc.com,contact@barroninc.com,Agriculture,North Benjamin,WY,United States
"Hoffman, Wright and Bentley","2674 Shelby Village, North Brandonburgh, WA 10296",554-452-8909x85223,https://hoffmanwrightandbentley.com,contact@hoffmanwrightandbentley.com,Hospitality,Port Brendaport,SC,United States
Davis-Davenport,"5971 Jennifer Mountain, North Jonathan, MO 44838",196-219-0676,https://davis-davenport.com,contact@davis-davenport.com,Finance,South Steven,WI,United States
Charles LLC,"620 Neal Burg Apt. 183, Alvaradoberg, IL 72482",001-425-048-1224,https://charlesllc.com,contact@charlesllc.com,Hospitality,Port Staceyside,MI,United States
Spencer-Davis,"871 Brianna Roads Apt. 837, East Darlenechester, WA 53736",0264622587,https://spencer-davis.com,contact@spencer-davis.com,Consulting,Johnsonbury,NY,United States
